name,slug,description,price,sale_price,category_id,material,origin,style,stock,image_url,filter_color,filter_material,filter_construction,filter_pattern,filter_weave,dim1_label,dim1_width,dim1_length,dim1_shape,dim1_price,dim1_sale_price,dim1_stock,dim1_default,dim2_label,dim2_width,dim2_length,dim2_shape,dim2_price,dim2_sale_price,dim2_stock,dim2_default,dim3_label,dim3_width,dim3_length,dim3_shape,dim3_price,dim3_sale_price,dim3_stock,dim3_default,colors
"Overdyed Vintage Overdyed-vintage-1",overdyed-vintage-1,"Exquisite Overdyed Vintage featuring intricate patterns woven by skilled artisans in Tibet. Premium Microfiber construction ensures lasting beauty.",9359,7955,7,Microfiber,Tibet,Industrial,21,,Mustard,Microfiber,Hand-Knotted,Botanical,Tibetan,"7' Round",7,7,round,9359,7955,18,yes,,,,,,,,,,,,,,,,,"Black: #000000, Sage: #9dc183, Charcoal: #36454f, Red: #ff0000"
"Southwestern Navajo Southwestern-navajo-2",southwestern-navajo-2,"Authentic Southwestern Navajo rug made in USA from high-quality Bamboo Silk. Timeless design for Vintage homes.",3984,,8,"Bamboo Silk",USA,Vintage,13,,Brown,"Bamboo Silk",Braided,Striped,Traditional,"4' x 6'",4,6,rectangular,3984,,2,yes,,,,,,,,,,,,,,,,,"Beige: #d4c4b0, Tan: #d2b48c, Gray: #808080, Cream: #f5f0e8"
"Persian Nain Persian-nain-3",persian-nain-3,"Exquisite Persian Nain featuring intricate patterns woven by skilled artisans in Iran. Premium 100% Wool construction ensures lasting beauty.",4802,,7,"100% Wool",Iran,Rustic,15,,Brown,"100% Wool",Hooked,Medallion,Turkish,"7' Round",7,7,round,4802,4082,8,yes,,,,,,,,,,,,,,,,,"Teal: #008080, Black: #000000, Gray: #808080, Mustard: #ffdb58"
"Overdyed Patchwork Overdyed-patchwork-4",overdyed-patchwork-4,"Stunning Overdyed Patchwork from Afghanistan, crafted using traditional techniques with Faux Fur. Adds elegance to any Contemporary space.",2760,,3,"Faux Fur",Afghanistan,Contemporary,12,,Gold,"Faux Fur",Braided,Solid,Moroccan,"2' x 10'",2,10,runner,2760,,13,yes,,,,,,,,,,,,,,,,,"Red: #ff0000, Rust: #b7410e"
"Silk Hereke Silk-hereke-5",silk-hereke-5,"Authentic Silk Hereke rug made in Morocco from high-quality Chenille. Timeless design for Modern homes.",9024,,6,Chenille,Morocco,Modern,5,,"Gold, Green, White",Chenille,Machine-Made,Border,Moroccan,"8' Round",8,8,round,9024,,2,yes,"3' x 5'",3,5,rectangular,2685,,4,no,"4' x 6'",4,6,rectangular,3144,,9,no,"Navy Blue: #1a2744, Cream: #f5f0e8"
"Pakistani Jaldar Pakistani-jaldar-6",pakistani-jaldar-6,"Authentic Pakistani Jaldar rug made in Iran from high-quality Natural Wool. Timeless design for Contemporary homes.",23800,20230,4,"Natural Wool",Iran,Contemporary,25,,"Charcoal, Purple","Natural Wool",Hand-Woven,Striped,Tibetan,"10' x 14'",10,14,rectangular,23800,,8,yes,"8' x 10'",8,10,rectangular,9840,,15,no,"3' x 12'",3,12,runner,8712,,20,no,"Blue: #0000ff, Charcoal: #36454f, Black: #000000, Tan: #d2b48c"
"Pakistani Bokhara Pakistani-bokhara-7",pakistani-bokhara-7,"Beautiful Pakistani Bokhara rug hand-crafted in India. Made from premium Faux Fur with exceptional detail and durability. Perfect for Minimalist interiors.",7910,,8,"Faux Fur",India,Minimalist,26,,"Brown, Gray, Red","Faux Fur",Knotted,Solid,Tibetan,"5' x 7'",5,7,rectangular,7910,,16,yes,,,,,,,,,,,,,,,,,"Orange: #ffa500"
"Vintage Tabriz Vintage-tabriz-8",vintage-tabriz-8,"Exquisite Vintage Tabriz featuring intricate patterns woven by skilled artisans in China. Premium Chenille construction ensures lasting beauty.",11456,,7,Chenille,China,Transitional,11,,Emerald,Chenille,Flatweave,Botanical,Turkish,"8' Round",8,8,round,11456,9738,2,yes,"10' x 14'",10,14,rectangular,26740,22729,8,no,"2' x 8'",2,8,runner,1776,,7,no,"Terracotta: #e2725b, Ivory: #fffff0, Blush: #de5d83"
"Egyptian Mamluk Egyptian-mamluk-9",egyptian-mamluk-9,"Beautiful Egyptian Mamluk rug hand-crafted in Turkey. Made from premium 100% Wool with exceptional detail and durability. Perfect for Minimalist interiors.",4896,,7,"100% Wool",Turkey,Minimalist,28,,"Burgundy, Black","100% Wool",Hooked,Solid,Tibetan,"3' x 12'",3,12,runner,4896,,7,yes,,,,,,,,,,,,,,,,,"Blush: #de5d83, Mustard: #ffdb58, Charcoal: #36454f"
"Silk Kashan Silk-kashan-10",silk-kashan-10,"Authentic Silk Kashan rug made in Nepal from high-quality Microfiber. Timeless design for Transitional homes.",5684,,4,Microfiber,Nepal,Transitional,28,,"Gray, Red",Microfiber,Hand-Woven,Border,Modern,"7' Round",7,7,round,5684,,10,yes,,,,,,,,,,,,,,,,,"Rust: #b7410e"
"Solid Shag Solid-shag-11",solid-shag-11,"Luxurious Solid Shag handcrafted in Tibet. Rich textures and patterns in 100% Wool make this a statement piece for Bohemian decor.",2385,,6,"100% Wool",Tibet,Bohemian,12,,"Gold, Emerald, Black","100% Wool",Braided,Botanical,Moroccan,"3' x 5'",3,5,rectangular,2385,,9,yes,"5' x 7'",5,7,rectangular,3535,,18,no,"7' Round",7,7,round,11956,10163,7,no,"Mustard: #ffdb58, Burgundy: #800020"
"Coastal Solid Coastal-solid-12",coastal-solid-12,"Luxurious Coastal Solid handcrafted in China. Rich textures and patterns in Seagrass make this a statement piece for Minimalist decor.",10290,,4,Seagrass,China,Minimalist,9,,"Navy Blue, Charcoal, Tan",Seagrass,Knotted,Distressed,Persian,"7' Round",7,7,round,10290,,17,yes,"4' x 6'",4,6,rectangular,3600,,10,no,"2' x 10'",2,10,runner,3560,3026,2,no,"Beige: #d4c4b0, Rust: #b7410e, Mustard: #ffdb58"
"Distressed Oushak Distressed-oushak-13",distressed-oushak-13,"Luxurious Distressed Oushak handcrafted in Nepal. Rich textures and patterns in Natural Wool make this a statement piece for Bohemian decor.",2736,,5,"Natural Wool",Nepal,Bohemian,6,,Orange,"Natural Wool",Hand-Tufted,Distressed,Persian,"2' x 8'",2,8,runner,2736,2326,17,yes,,,,,,,,,,,,,,,,,"Charcoal: #36454f, Mustard: #ffdb58"
"Silk Kashan Silk-kashan-14",silk-kashan-14,"Exquisite Silk Kashan featuring intricate patterns woven by skilled artisans in Bangladesh. Premium Wool construction ensures lasting beauty.",14272,,6,Wool,Bangladesh,Industrial,10,,Charcoal,Wool,Flatweave,Geometric,Modern,"8' Round",8,8,round,14272,,3,yes,,,,,,,,,,,,,,,,,"Terracotta: #e2725b, Mustard: #ffdb58, Burgundy: #800020, Tan: #d2b48c"
"Indian Dhurrie Indian-dhurrie-15",indian-dhurrie-15,"Luxurious Indian Dhurrie handcrafted in Bangladesh. Rich textures and patterns in Faux Fur make this a statement piece for Glam decor.",14848,,8,"Faux Fur",Bangladesh,Glam,30,,"Navy Blue, Brown, Gray","Faux Fur",Flatweave,Medallion,Moroccan,"8' Round",8,8,round,14848,,19,yes,"7' Round",7,7,round,10878,,3,no,"2' x 8'",2,8,runner,1440,1224,17,no,"Green: #008000, Navy Blue: #1a2744, Teal: #008080, Cream: #f5f0e8"
"Vintage Kerman Vintage-kerman-16",vintage-kerman-16,"Exquisite Vintage Kerman featuring intricate patterns woven by skilled artisans in Turkey. Premium Faux Fur construction ensures lasting beauty.",14904,,3,"Faux Fur",Turkey,Rustic,13,,"Beige, Burgundy","Faux Fur",Flatweave,Geometric,Tibetan,"9' x 12'",9,12,rectangular,14904,,7,yes,"5' x 7'",5,7,rectangular,6265,,2,no,"5' Round",5,5,round,5475,,9,no,"Orange: #ffa500, Brown: #8b4513, Navy Blue: #1a2744, Beige: #d4c4b0"
"Modern Trellis Modern-trellis-17",modern-trellis-17,"Stunning Modern Trellis from Morocco, crafted using traditional techniques with Cotton. Adds elegance to any Rustic space.",3900,,5,Cotton,Morocco,Rustic,9,,Gray,Cotton,Knotted,Abstract,Traditional,"5' Round",5,5,round,3900,,3,yes,"7' Round",7,7,round,7889,,19,no,"3' x 12'",3,12,runner,6300,,15,no,"Brown: #8b4513, Red: #ff0000"
"Scandinavian Minimal Scandinavian-minimal-18",scandinavian-minimal-18,"Beautiful Scandinavian Minimal rug hand-crafted in Nepal. Made from premium Natural Wool with exceptional detail and durability. Perfect for Transitional interiors.",3660,,4,"Natural Wool",Nepal,Transitional,12,,"Blue, Green","Natural Wool",Knotted,Solid,Moroccan,"2' x 10'",2,10,runner,3660,3111,13,yes,"3' x 12'",3,12,runner,4032,,6,no,"7' Round",7,7,round,5684,,15,no,"Ivory: #fffff0, Beige: #d4c4b0"
"Coastal Solid Coastal-solid-19",coastal-solid-19,"Luxurious Coastal Solid handcrafted in Turkey. Rich textures and patterns in Bamboo Silk make this a statement piece for Minimalist decor.",2550,2168,5,"Bamboo Silk",Turkey,Minimalist,19,,Rust,"Bamboo Silk",Hand-Tufted,Geometric,Modern,"3' x 5'",3,5,rectangular,2550,,6,yes,,,,,,,,,,,,,,,,,"Orange: #ffa500, Rust: #b7410e, Navy Blue: #1a2744"
"Chenille Striped Chenille-striped-20",chenille-striped-20,"Exquisite Chenille Striped featuring intricate patterns woven by skilled artisans in Afghanistan. Premium Sisal construction ensures lasting beauty.",6566,5581,6,Sisal,Afghanistan,Tribal,23,,Sage,Sisal,Braided,Border,Moroccan,"7' Round",7,7,round,6566,5581,14,yes,"6' x 9'",6,9,rectangular,10260,,7,no,"2' x 8'",2,8,runner,3696,3142,10,no,"Rust: #b7410e, Beige: #d4c4b0, Gray: #808080"
"Turkish Oushak Turkish-oushak-21",turkish-oushak-21,"Exquisite Turkish Oushak featuring intricate patterns woven by skilled artisans in Tibet. Premium Seagrass construction ensures lasting beauty.",6965,5920,4,Seagrass,Tibet,Contemporary,11,,Sage,Seagrass,Knotted,Paisley,Tibetan,"5' x 7'",5,7,rectangular,6965,,18,yes,"8' x 10'",8,10,rectangular,15200,,7,no,"5' Round",5,5,round,2325,,19,no,"White: #ffffff"
"Overdyed Vintage Overdyed-vintage-22",overdyed-vintage-22,"Stunning Overdyed Vintage from Egypt, crafted using traditional techniques with 100% Wool. Adds elegance to any Transitional space.",5635,4790,7,"100% Wool",Egypt,Transitional,8,,"Ivory, Brown","100% Wool",Flatweave,Solid,Turkish,"7' Round",7,7,round,5635,,13,yes,"3' x 12'",3,12,runner,5256,,14,no,,,,,,,,,"Rust: #b7410e"
"Distressed Heriz Distressed-heriz-23",distressed-heriz-23,"Luxurious Distressed Heriz handcrafted in Tibet. Rich textures and patterns in Polyester make this a statement piece for Coastal decor.",2256,1918,8,Polyester,Tibet,Coastal,8,,Orange,Polyester,Braided,Botanical,Modern,"2' x 8'",2,8,runner,2256,,16,yes,"3' x 12'",3,12,runner,3492,,2,no,"4' x 6'",4,6,rectangular,2616,,8,no,"Beige: #d4c4b0, Burgundy: #800020"
"Southwestern Navajo Southwestern-navajo-24",southwestern-navajo-24,"Stunning Southwestern Navajo from Nepal, crafted using traditional techniques with Wool & Silk. Adds elegance to any Rustic space.",9666,,3,"Wool & Silk",Nepal,Rustic,18,,"Cream, Emerald, Blue","Wool & Silk",Knotted,Distressed,Traditional,"6' x 9'",6,9,rectangular,9666,,11,yes,"2' x 10'",2,10,runner,4340,,15,no,,,,,,,,,"Gold: #c9a227, White: #ffffff, Teal: #008080"
"Industrial Pattern Industrial-pattern-25",industrial-pattern-25,"Luxurious Industrial Pattern handcrafted in Pakistan. Rich textures and patterns in Natural Wool make this a statement piece for Rustic decor.",14280,,3,"Natural Wool",Pakistan,Rustic,20,,"Gray, Purple","Natural Wool",Hooked,Abstract,Moroccan,"10' x 14'",10,14,rectangular,14280,12138,8,yes,"9' x 12'",9,12,rectangular,12744,10832,17,no,,,,,,,,,"Rust: #b7410e"
"Pakistani Jaldar Pakistani-jaldar-26",pakistani-jaldar-26,"Beautiful Pakistani Jaldar rug hand-crafted in USA. Made from premium Cotton with exceptional detail and durability. Perfect for Glam interiors.",4536,3856,4,Cotton,USA,Glam,15,,Purple,Cotton,Hand-Woven,Paisley,Moroccan,"3' x 12'",3,12,runner,4536,,19,yes,,,,,,,,,,,,,,,,,"Gray: #808080"
"Art Deco Abstract Art-deco-abstract-27",art-deco-abstract-27,"Beautiful Art Deco Abstract rug hand-crafted in Bangladesh. Made from premium Viscose with exceptional detail and durability. Perfect for Rustic interiors.",5800,4930,8,Viscose,Bangladesh,Rustic,28,,Charcoal,Viscose,Hand-Knotted,Paisley,Traditional,"5' Round",5,5,round,5800,4930,13,yes,"8' Round",8,8,round,8128,6909,12,no,,,,,,,,,"Rust: #b7410e, Teal: #008080, Black: #000000, Tan: #d2b48c"
"Turkish Yahyali Turkish-yahyali-28",turkish-yahyali-28,"Authentic Turkish Yahyali rug made in Turkey from high-quality Seagrass. Timeless design for Minimalist homes.",4270,3630,8,Seagrass,Turkey,Minimalist,29,,"Charcoal, Burgundy",Seagrass,Knotted,Solid,Modern,"5' x 7'",5,7,rectangular,4270,,11,yes,"2' x 10'",2,10,runner,4140,,15,no,"10' x 14'",10,14,rectangular,28560,,10,no,"Burgundy: #800020"
"Scandinavian Striped Scandinavian-striped-29",scandinavian-striped-29,"Luxurious Scandinavian Striped handcrafted in Pakistan. Rich textures and patterns in Microfiber make this a statement piece for Bohemian decor.",2720,,8,Microfiber,Pakistan,Bohemian,28,,Tan,Microfiber,Hand-Tufted,Distressed,Casual,"2' x 8'",2,8,runner,2720,,6,yes,"3' x 5'",3,5,rectangular,1740,1479,3,no,,,,,,,,,"Terracotta: #e2725b"
"Turkish Yahyali Turkish-yahyali-30",turkish-yahyali-30,"Authentic Turkish Yahyali rug made in USA from high-quality Chenille. Timeless design for Coastal homes.",34720,,4,Chenille,USA,Coastal,19,,White,Chenille,Flatweave,Distressed,Moroccan,"10' x 14'",10,14,rectangular,34720,,18,yes,,,,,,,,,,,,,,,,,"Rust: #b7410e, Emerald: #50c878"
"Persian Mashad Persian-mashad-31",persian-mashad-31,"Luxurious Persian Mashad handcrafted in Bangladesh. Rich textures and patterns in Seagrass make this a statement piece for Rustic decor.",2280,,7,Seagrass,Bangladesh,Rustic,17,,"Gold, Ivory",Seagrass,Hooked,Solid,Modern,"2' x 10'",2,10,runner,2280,,20,yes,"3' x 12'",3,12,runner,6120,,17,no,,,,,,,,,"Charcoal: #36454f, Green: #008000"
"Seagrass Basketweave Seagrass-basketweave-32",seagrass-basketweave-32,"Beautiful Seagrass Basketweave rug hand-crafted in Afghanistan. Made from premium Polyester with exceptional detail and durability. Perfect for Industrial interiors.",2675,,5,Polyester,Afghanistan,Industrial,3,,"Cream, Charcoal, Emerald",Polyester,Flatweave,Abstract,Indian,"5' Round",5,5,round,2675,,6,yes,"7' Round",7,7,round,10976,,2,no,"4' x 6'",4,6,rectangular,5376,,20,no,"Purple: #800080"
"Persian Mashad Persian-mashad-33",persian-mashad-33,"Authentic Persian Mashad rug made in Afghanistan from high-quality Viscose. Timeless design for Traditional homes.",7200,,5,Viscose,Afghanistan,Traditional,18,,"Blue, Mustard",Viscose,Hand-Tufted,Geometric,Casual,"8' x 10'",8,10,rectangular,7200,6120,19,yes,"6' x 9'",6,9,rectangular,9720,,19,no,,,,,,,,,"Orange: #ffa500, Charcoal: #36454f"
"Moroccan Kilim Moroccan-kilim-34",moroccan-kilim-34,"Exquisite Moroccan Kilim featuring intricate patterns woven by skilled artisans in China. Premium Cotton construction ensures lasting beauty.",3968,,4,Cotton,China,Vintage,19,,"Blue, Green",Cotton,Hand-Woven,Border,Moroccan,"2' x 8'",2,8,runner,3968,,9,yes,"9' x 12'",9,12,rectangular,26352,22399,14,no,,,,,,,,,"Mustard: #ffdb58, Green: #008000, Blush: #de5d83"
"Distressed Modern Distressed-modern-35",distressed-modern-35,"Beautiful Distressed Modern rug hand-crafted in Tibet. Made from premium Natural Wool with exceptional detail and durability. Perfect for Modern interiors.",15680,,4,"Natural Wool",Tibet,Modern,22,,"Charcoal, Blush, Mustard","Natural Wool",Hand-Tufted,Paisley,Casual,"8' Round",8,8,round,15680,13328,7,yes,"7' Round",7,7,round,8673,7372,7,no,"3' x 5'",3,5,rectangular,3645,,9,no,"Beige: #d4c4b0"
"Chenille Soft Chenille-soft-36",chenille-soft-36,"Exquisite Chenille Soft featuring intricate patterns woven by skilled artisans in Turkey. Premium Jute construction ensures lasting beauty.",6125,,3,Jute,Turkey,Glam,12,,Blue,Jute,Flatweave,Solid,Moroccan,"5' x 7'",5,7,rectangular,6125,5206,8,yes,"5' Round",5,5,round,5850,,2,no,,,,,,,,,"Black: #000000, Emerald: #50c878, Gray: #808080, Terracotta: #e2725b"
"Bohemian Pattern Bohemian-pattern-37",bohemian-pattern-37,"Authentic Bohemian Pattern rug made in Nepal from high-quality Chenille. Timeless design for Coastal homes.",8480,,3,Chenille,Nepal,Coastal,7,,"Navy Blue",Chenille,Machine-Made,Border,Casual,"8' x 10'",8,10,rectangular,8480,,10,yes,"3' x 5'",3,5,rectangular,2325,,10,no,,,,,,,,,"Red: #ff0000, Blush: #de5d83"
"Turkish Cicim Turkish-cicim-38",turkish-cicim-38,"Exquisite Turkish Cicim featuring intricate patterns woven by skilled artisans in Bangladesh. Premium 100% Wool construction ensures lasting beauty.",3700,,6,"100% Wool",Bangladesh,Industrial,17,,"Navy Blue, Blush","100% Wool",Braided,Botanical,Modern,"5' Round",5,5,round,3700,,13,yes,"10' x 14'",10,14,rectangular,27020,22967,8,no,"6' x 9'",6,9,rectangular,12906,,20,no,"Mustard: #ffdb58, Navy Blue: #1a2744"
"Turkish Oushak Turkish-oushak-39",turkish-oushak-39,"Authentic Turkish Oushak rug made in Bangladesh from high-quality Seagrass. Timeless design for Minimalist homes.",1968,,7,Seagrass,Bangladesh,Minimalist,7,,Emerald,Seagrass,Hand-Tufted,Paisley,Moroccan,"2' x 8'",2,8,runner,1968,1673,5,yes,"4' x 6'",4,6,rectangular,4584,3896,20,no,"6' x 9'",6,9,rectangular,7938,6747,15,no,"Rust: #b7410e, Orange: #ffa500, Tan: #d2b48c, Blush: #de5d83"
"Art Deco Glam Art-deco-glam-40",art-deco-glam-40,"Authentic Art Deco Glam rug made in Morocco from high-quality Sisal. Timeless design for Minimalist homes.",3120,,7,Sisal,Morocco,Minimalist,28,,Charcoal,Sisal,Hooked,Geometric,Modern,"4' x 6'",4,6,rectangular,3120,,13,yes,,,,,,,,,,,,,,,,,"Rust: #b7410e"
"Abstract Splash Abstract-splash-41",abstract-splash-41,"Luxurious Abstract Splash handcrafted in Bangladesh. Rich textures and patterns in Wool make this a statement piece for Coastal decor.",18684,,7,Wool,Bangladesh,Coastal,14,,Mustard,Wool,Knotted,Solid,Turkish,"9' x 12'",9,12,rectangular,18684,,13,yes,,,,,,,,,,,,,,,,,"Tan: #d2b48c"
"Bohemian Macrame Bohemian-macrame-42",bohemian-macrame-42,"Stunning Bohemian Macrame from Turkey, crafted using traditional techniques with Sisal. Adds elegance to any Rustic space.",10152,8629,6,Sisal,Turkey,Rustic,19,,Ivory,Sisal,Hand-Knotted,Paisley,Turkish,"9' x 12'",9,12,rectangular,10152,,20,yes,"8' Round",8,8,round,10112,8595,13,no,,,,,,,,,"Burgundy: #800020, Ivory: #fffff0, Black: #000000"
"Jute Natural Jute-natural-43",jute-natural-43,"Luxurious Jute Natural handcrafted in Iran. Rich textures and patterns in Faux Fur make this a statement piece for Vintage decor.",9360,,7,"Faux Fur",Iran,Vintage,23,,Burgundy,"Faux Fur",Machine-Made,Medallion,Persian,"8' x 10'",8,10,rectangular,9360,7956,17,yes,"6' x 9'",6,9,rectangular,13500,,9,no,"2' x 8'",2,8,runner,3184,,18,no,"Blue: #0000ff, Tan: #d2b48c, Blush: #de5d83, Burgundy: #800020"
"Bohemian Pattern Bohemian-pattern-44",bohemian-pattern-44,"Luxurious Bohemian Pattern handcrafted in China. Rich textures and patterns in Polyester make this a statement piece for Minimalist decor.",3240,2754,5,Polyester,China,Minimalist,10,,"Charcoal, Green",Polyester,Knotted,Paisley,Traditional,"3' x 5'",3,5,rectangular,3240,2754,18,yes,"6' x 9'",6,9,rectangular,9396,,2,no,"4' x 6'",4,6,rectangular,4824,4100,10,no,"Beige: #d4c4b0"
"Turkish Oushak Turkish-oushak-45",turkish-oushak-45,"Stunning Turkish Oushak from Pakistan, crafted using traditional techniques with Jute. Adds elegance to any Traditional space.",24516,,8,Jute,Pakistan,Traditional,28,,Charcoal,Jute,Flatweave,Floral,Traditional,"9' x 12'",9,12,rectangular,24516,,10,yes,,,,,,,,,,,,,,,,,"Blue: #0000ff, Charcoal: #36454f, Mustard: #ffdb58, Purple: #800080"
"Vintage Tabriz Vintage-tabriz-46",vintage-tabriz-46,"Exquisite Vintage Tabriz featuring intricate patterns woven by skilled artisans in China. Premium Microfiber construction ensures lasting beauty.",8892,,4,Microfiber,China,Traditional,17,,"Brown, Green",Microfiber,Knotted,Floral,Modern,"3' x 12'",3,12,runner,8892,,10,yes,"9' x 12'",9,12,rectangular,17064,,10,no,"8' Round",8,8,round,12352,,9,no,"White: #ffffff"
"Southwestern Zapotec Southwestern-zapotec-47",southwestern-zapotec-47,"Exquisite Southwestern Zapotec featuring intricate patterns woven by skilled artisans in Iran. Premium Seagrass construction ensures lasting beauty.",21000,17850,4,Seagrass,Iran,Traditional,27,,"Cream, Gold, Gray",Seagrass,Hand-Knotted,Floral,Moroccan,"10' x 14'",10,14,rectangular,21000,,5,yes,"3' x 5'",3,5,rectangular,3405,,13,no,"6' x 9'",6,9,rectangular,9936,,16,no,"Tan: #d2b48c, Beige: #d4c4b0, Red: #ff0000"
"Abstract Expression Abstract-expression-48",abstract-expression-48,"Authentic Abstract Expression rug made in Iran from high-quality Faux Fur. Timeless design for Modern homes.",12201,,7,"Faux Fur",Iran,Modern,10,,"Tan, Sage, Mustard","Faux Fur",Hand-Tufted,Botanical,Casual,"7' Round",7,7,round,12201,,5,yes,"10' x 14'",10,14,rectangular,32760,27846,11,no,"9' x 12'",9,12,rectangular,10908,,14,no,"Red: #ff0000, Beige: #d4c4b0, Ivory: #fffff0, Tan: #d2b48c"
"Persian Bidjar Persian-bidjar-49",persian-bidjar-49,"Authentic Persian Bidjar rug made in Turkey from high-quality Polyester. Timeless design for Glam homes.",10800,9180,6,Polyester,Turkey,Glam,17,,Gold,Polyester,Braided,Medallion,Indian,"9' x 12'",9,12,rectangular,10800,,18,yes,"10' x 14'",10,14,rectangular,18480,,18,no,"2' x 10'",2,10,runner,1700,,11,no,"Rust: #b7410e, Black: #000000, Orange: #ffa500"
"Distressed Oushak Distressed-oushak-50",distressed-oushak-50,"Beautiful Distressed Oushak rug hand-crafted in India. Made from premium Seagrass with exceptional detail and durability. Perfect for Coastal interiors.",9536,8106,4,Seagrass,India,Coastal,30,,Orange,Seagrass,Flatweave,Floral,Indian,"8' Round",8,8,round,9536,,5,yes,"4' x 6'",4,6,rectangular,3648,,14,no,"5' Round",5,5,round,3350,,20,no,"Gray: #808080"
"Persian Shiraz Persian-shiraz-51",persian-shiraz-51,"Exquisite Persian Shiraz featuring intricate patterns woven by skilled artisans in Iran. Premium Natural Wool construction ensures lasting beauty.",6230,,8,"Natural Wool",Iran,Rustic,23,,Brown,"Natural Wool",Hand-Knotted,Floral,Modern,"5' x 7'",5,7,rectangular,6230,5296,6,yes,"7' Round",7,7,round,6419,,10,no,"8' x 10'",8,10,rectangular,17040,,16,no,"Black: #000000, Burgundy: #800020"
"Coastal Stripe Coastal-stripe-52",coastal-stripe-52,"Exquisite Coastal Stripe featuring intricate patterns woven by skilled artisans in China. Premium Viscose construction ensures lasting beauty.",3432,,7,Viscose,China,Modern,26,,"Orange, Purple",Viscose,Hooked,Medallion,Indian,"4' x 6'",4,6,rectangular,3432,,14,yes,"5' x 7'",5,7,rectangular,5075,,19,no,,,,,,,,,"Rust: #b7410e, Burgundy: #800020, Brown: #8b4513"
"Overdyed Striped Overdyed-striped-53",overdyed-striped-53,"Exquisite Overdyed Striped featuring intricate patterns woven by skilled artisans in Tibet. Premium Seagrass construction ensures lasting beauty.",18480,,3,Seagrass,Tibet,Contemporary,25,,Gold,Seagrass,Hand-Tufted,Geometric,Indian,"8' x 10'",8,10,rectangular,18480,,9,yes,"7' Round",7,7,round,4557,,18,no,"4' x 6'",4,6,rectangular,4536,3856,17,no,"Emerald: #50c878"
"Egyptian Ziegler Egyptian-ziegler-54",egyptian-ziegler-54,"Authentic Egyptian Ziegler rug made in China from high-quality Wool. Timeless design for Transitional homes.",3760,,4,Wool,China,Transitional,28,,"Burgundy, Red",Wool,Hand-Tufted,Abstract,Modern,"2' x 10'",2,10,runner,3760,3196,20,yes,"2' x 8'",2,8,runner,2304,,19,no,"3' x 12'",3,12,runner,4320,3672,9,no,"Blush: #de5d83, Beige: #d4c4b0"
"Chinese Peking Chinese-peking-55",chinese-peking-55,"Beautiful Chinese Peking rug hand-crafted in Bangladesh. Made from premium Jute with exceptional detail and durability. Perfect for Glam interiors.",7875,,3,Jute,Bangladesh,Glam,13,,"Cream, Orange, Sage",Jute,Flatweave,Solid,Indian,"5' x 7'",5,7,rectangular,7875,,6,yes,"8' Round",8,8,round,15488,,17,no,,,,,,,,,"Blush: #de5d83"
"Turkish Cicim Turkish-cicim-56",turkish-cicim-56,"Luxurious Turkish Cicim handcrafted in Tibet. Rich textures and patterns in Microfiber make this a statement piece for Vintage decor.",6223,5290,7,Microfiber,Tibet,Vintage,18,,"Teal, Blush, Sage",Microfiber,Hand-Woven,Floral,Traditional,"7' Round",7,7,round,6223,,12,yes,"2' x 8'",2,8,runner,1776,,2,no,"2' x 10'",2,10,runner,4120,,7,no,"Gray: #808080, Navy Blue: #1a2744, Blue: #0000ff"
"Industrial Recycled Industrial-recycled-57",industrial-recycled-57,"Authentic Industrial Recycled rug made in Iran from high-quality Sisal. Timeless design for Glam homes.",11264,,6,Sisal,Iran,Glam,18,,"Black, Mustard",Sisal,Knotted,Paisley,Indian,"8' Round",8,8,round,11264,,17,yes,"2' x 10'",2,10,runner,2800,,8,no,,,,,,,,,"Blush: #de5d83, Brown: #8b4513, Beige: #d4c4b0"
"Southwestern Navajo Southwestern-navajo-58",southwestern-navajo-58,"Beautiful Southwestern Navajo rug hand-crafted in Turkey. Made from premium Faux Fur with exceptional detail and durability. Perfect for Vintage interiors.",7740,,8,"Faux Fur",Turkey,Vintage,6,,"Charcoal, Brown","Faux Fur",Hand-Woven,Distressed,Indian,"3' x 12'",3,12,runner,7740,,5,yes,"7' Round",7,7,round,11025,,5,no,,,,,,,,,"Terracotta: #e2725b, Gold: #c9a227, Beige: #d4c4b0"
"Pakistani Chobi Pakistani-chobi-59",pakistani-chobi-59,"Beautiful Pakistani Chobi rug hand-crafted in India. Made from premium Viscose with exceptional detail and durability. Perfect for Rustic interiors.",10368,,7,Viscose,India,Rustic,4,,"Rust, Teal, Terracotta",Viscose,Knotted,Paisley,Indian,"9' x 12'",9,12,rectangular,10368,,13,yes,"3' x 12'",3,12,runner,8208,6977,14,no,,,,,,,,,"Blush: #de5d83"
"Shaggy Polyester Shaggy-polyester-60",shaggy-polyester-60,"Exquisite Shaggy Polyester featuring intricate patterns woven by skilled artisans in China. Premium Jute construction ensures lasting beauty.",14592,,4,Jute,China,Industrial,25,,"Beige, Ivory, Teal",Jute,Knotted,Abstract,Indian,"8' Round",8,8,round,14592,12403,17,yes,,,,,,,,,,,,,,,,,"Purple: #800080, Gray: #808080, Mustard: #ffdb58, Gold: #c9a227"
"Moroccan Boucherouite Moroccan-boucherouite-61",moroccan-boucherouite-61,"Luxurious Moroccan Boucherouite handcrafted in Afghanistan. Rich textures and patterns in Wool & Silk make this a statement piece for Bohemian decor.",5825,,6,"Wool & Silk",Afghanistan,Bohemian,27,,Blue,"Wool & Silk",Flatweave,Geometric,Persian,"5' Round",5,5,round,5825,,16,yes,"9' x 12'",9,12,rectangular,17496,,6,no,,,,,,,,,"Brown: #8b4513"
"Wool Tufted Wool-tufted-62",wool-tufted-62,"Exquisite Wool Tufted featuring intricate patterns woven by skilled artisans in Morocco. Premium 100% Wool construction ensures lasting beauty.",5575,,3,"100% Wool",Morocco,Transitional,22,,"Gray, Purple, Terracotta","100% Wool",Machine-Made,Abstract,Turkish,"5' Round",5,5,round,5575,,12,yes,"8' Round",8,8,round,7040,,19,no,,,,,,,,,"Rust: #b7410e, Blue: #0000ff, Brown: #8b4513"
"Industrial Recycled Industrial-recycled-63",industrial-recycled-63,"Stunning Industrial Recycled from Egypt, crafted using traditional techniques with Faux Fur. Adds elegance to any Traditional space.",4275,,4,"Faux Fur",Egypt,Traditional,30,,Black,"Faux Fur",Knotted,Floral,Indian,"5' Round",5,5,round,4275,3634,14,yes,"10' x 14'",10,14,rectangular,29540,25109,9,no,,,,,,,,,"Red: #ff0000"
"Persian Kerman Persian-kerman-64",persian-kerman-64,"Beautiful Persian Kerman rug hand-crafted in Afghanistan. Made from premium Viscose with exceptional detail and durability. Perfect for Traditional interiors.",12906,,3,Viscose,Afghanistan,Traditional,11,,Gold,Viscose,Hand-Knotted,Floral,Persian,"6' x 9'",6,9,rectangular,12906,,10,yes,"4' x 6'",4,6,rectangular,4680,,19,no,"10' x 14'",10,14,rectangular,33880,,8,no,"Blush: #de5d83, Terracotta: #e2725b, Purple: #800080"
"Coastal Solid Coastal-solid-65",coastal-solid-65,"Luxurious Coastal Solid handcrafted in China. Rich textures and patterns in Polyester make this a statement piece for Modern decor.",33180,,7,Polyester,China,Modern,14,,"Ivory, Gray, Sage",Polyester,Braided,Striped,Modern,"10' x 14'",10,14,rectangular,33180,28203,7,yes,"8' Round",8,8,round,11648,9901,4,no,"5' Round",5,5,round,5600,,4,no,"Sage: #9dc183"
"Vintage Mahal Vintage-mahal-66",vintage-mahal-66,"Authentic Vintage Mahal rug made in Iran from high-quality Wool. Timeless design for Rustic homes.",11613,,8,Wool,Iran,Rustic,3,,"Emerald, Terracotta",Wool,Machine-Made,Distressed,Traditional,"7' Round",7,7,round,11613,9871,3,yes,"2' x 8'",2,8,runner,1776,,15,no,,,,,,,,,"Tan: #d2b48c, Ivory: #fffff0, Black: #000000"
"Indo-Kashan Indo-kashan-67",indo-kashan-67,"Exquisite Indo-Kashan featuring intricate patterns woven by skilled artisans in India. Premium Jute construction ensures lasting beauty.",11016,,4,Jute,India,Traditional,21,,"Blush, Sage",Jute,Hand-Knotted,Abstract,Tibetan,"9' x 12'",9,12,rectangular,11016,,9,yes,"6' x 9'",6,9,rectangular,8856,,19,no,"8' Round",8,8,round,8512,,16,no,"Orange: #ffa500, White: #ffffff, Mustard: #ffdb58, Charcoal: #36454f"
"Silk Qum Silk-qum-68",silk-qum-68,"Stunning Silk Qum from Pakistan, crafted using traditional techniques with Faux Fur. Adds elegance to any Traditional space.",2610,,7,"Faux Fur",Pakistan,Traditional,20,,"Navy Blue","Faux Fur",Braided,Floral,Casual,"3' x 5'",3,5,rectangular,2610,,18,yes,"5' x 7'",5,7,rectangular,8680,,8,no,"4' x 6'",4,6,rectangular,5280,,9,no,"Red: #ff0000, Mustard: #ffdb58, Ivory: #fffff0"
"Vintage Tabriz Vintage-tabriz-69",vintage-tabriz-69,"Beautiful Vintage Tabriz rug hand-crafted in Egypt. Made from premium Polyester with exceptional detail and durability. Perfect for Coastal interiors.",3100,,7,Polyester,Egypt,Coastal,18,,"Orange, Blush",Polyester,Hand-Woven,Distressed,Persian,"2' x 10'",2,10,runner,3100,,10,yes,,,,,,,,,,,,,,,,,"Black: #000000, Gold: #c9a227, Rust: #b7410e"
"Bohemian Pattern Bohemian-pattern-70",bohemian-pattern-70,"Exquisite Bohemian Pattern featuring intricate patterns woven by skilled artisans in Tibet. Premium Wool construction ensures lasting beauty.",1944,,4,Wool,Tibet,Tribal,18,,"Navy Blue, Orange",Wool,Hand-Woven,Floral,Turkish,"4' x 6'",4,6,rectangular,1944,,9,yes,,,,,,,,,,,,,,,,,"Gray: #808080, Teal: #008080"
"Jute Natural Jute-natural-71",jute-natural-71,"Authentic Jute Natural rug made in Iran from high-quality Chenille. Timeless design for Tribal homes.",8400,,7,Chenille,Iran,Tribal,14,,Burgundy,Chenille,Hand-Knotted,Medallion,Tibetan,"5' x 7'",5,7,rectangular,8400,,6,yes,"4' x 6'",4,6,rectangular,2424,,14,no,"2' x 8'",2,8,runner,3664,,20,no,"Red: #ff0000, Green: #008000, Tan: #d2b48c"
"Bohemian Woven Bohemian-woven-72",bohemian-woven-72,"Beautiful Bohemian Woven rug hand-crafted in USA. Made from premium Silk with exceptional detail and durability. Perfect for Contemporary interiors.",9288,7895,5,Silk,USA,Contemporary,6,,"Navy Blue, Cream, Blush",Silk,Knotted,Botanical,Moroccan,"6' x 9'",6,9,rectangular,9288,7895,12,yes,"8' x 10'",8,10,rectangular,11600,,3,no,,,,,,,,,"Brown: #8b4513, Gray: #808080"
"Turkish Yahyali Turkish-yahyali-73",turkish-yahyali-73,"Authentic Turkish Yahyali rug made in Turkey from high-quality Faux Fur. Timeless design for Bohemian homes.",12636,,4,"Faux Fur",Turkey,Bohemian,23,,"Red, Black","Faux Fur",Hand-Woven,Medallion,Turkish,"9' x 12'",9,12,rectangular,12636,10741,3,yes,"2' x 10'",2,10,runner,3660,,7,no,,,,,,,,,"Gray: #808080"
"Sisal Herringbone Sisal-herringbone-74",sisal-herringbone-74,"Stunning Sisal Herringbone from Pakistan, crafted using traditional techniques with Cotton. Adds elegance to any Glam space.",29120,,6,Cotton,Pakistan,Glam,10,,"Teal, Green, Blush",Cotton,Machine-Made,Geometric,Moroccan,"10' x 14'",10,14,rectangular,29120,,15,yes,"5' x 7'",5,7,rectangular,6020,,20,no,,,,,,,,,"White: #ffffff, Green: #008000"
"Egyptian Ziegler Egyptian-ziegler-75",egyptian-ziegler-75,"Stunning Egyptian Ziegler from Pakistan, crafted using traditional techniques with Natural Wool. Adds elegance to any Transitional space.",7700,,7,"Natural Wool",Pakistan,Transitional,4,,Ivory,"Natural Wool",Flatweave,Striped,Persian,"5' x 7'",5,7,rectangular,7700,,7,yes,,,,,,,,,,,,,,,,,"Orange: #ffa500, Blush: #de5d83"
"Scandinavian Geometric Scandinavian-geometric-76",scandinavian-geometric-76,"Exquisite Scandinavian Geometric featuring intricate patterns woven by skilled artisans in India. Premium 100% Wool construction ensures lasting beauty.",4608,,4,"100% Wool",India,Bohemian,10,,"Burgundy, Red","100% Wool",Hand-Knotted,Paisley,Traditional,"3' x 12'",3,12,runner,4608,,2,yes,,,,,,,,,,,,,,,,,"Emerald: #50c878, Terracotta: #e2725b, Cream: #f5f0e8, Burgundy: #800020"
"Art Deco Geometric Art-deco-geometric-77",art-deco-geometric-77,"Stunning Art Deco Geometric from Bangladesh, crafted using traditional techniques with 100% Wool. Adds elegance to any Bohemian space.",4360,,4,"100% Wool",Bangladesh,Bohemian,16,,Emerald,"100% Wool",Braided,Medallion,Turkish,"2' x 10'",2,10,runner,4360,,15,yes,,,,,,,,,,,,,,,,,"Purple: #800080, Rust: #b7410e, Red: #ff0000, Orange: #ffa500"
"Indian Agra Indian-agra-78",indian-agra-78,"Stunning Indian Agra from Nepal, crafted using traditional techniques with Bamboo Silk. Adds elegance to any Rustic space.",28700,,8,"Bamboo Silk",Nepal,Rustic,30,,"Rust, White, Blush","Bamboo Silk",Hooked,Border,Indian,"10' x 14'",10,14,rectangular,28700,24395,15,yes,"2' x 8'",2,8,runner,2224,,4,no,,,,,,,,,"Purple: #800080, Emerald: #50c878, Gray: #808080, Brown: #8b4513"
"Chinese Peking Chinese-peking-79",chinese-peking-79,"Luxurious Chinese Peking handcrafted in Nepal. Rich textures and patterns in Cotton make this a statement piece for Bohemian decor.",18560,,7,Cotton,Nepal,Bohemian,28,,Rust,Cotton,Hand-Tufted,Distressed,Traditional,"8' x 10'",8,10,rectangular,18560,15776,9,yes,"7' Round",7,7,round,9653,,19,no,"9' x 12'",9,12,rectangular,21384,,11,no,"Sage: #9dc183, Ivory: #fffff0"
"Tibetan Lotus Tibetan-lotus-80",tibetan-lotus-80,"Stunning Tibetan Lotus from Tibet, crafted using traditional techniques with Silk. Adds elegance to any Coastal space.",11556,,6,Silk,Tibet,Coastal,4,,"Ivory, Orange, Tan",Silk,Braided,Botanical,Indian,"9' x 12'",9,12,rectangular,11556,,6,yes,"8' Round",8,8,round,7104,,6,no,,,,,,,,,"Burgundy: #800020, Navy Blue: #1a2744, Red: #ff0000"
"Jute Boucle Jute-boucle-81",jute-boucle-81,"Beautiful Jute Boucle rug hand-crafted in India. Made from premium Seagrass with exceptional detail and durability. Perfect for Glam interiors.",2490,,5,Seagrass,India,Glam,26,,"Beige, Red",Seagrass,Knotted,Geometric,Moroccan,"3' x 5'",3,5,rectangular,2490,,2,yes,"8' x 10'",8,10,rectangular,19280,,9,no,"2' x 10'",2,10,runner,3160,,4,no,"Burgundy: #800020, Mustard: #ffdb58"
"Abstract Expression Abstract-expression-82",abstract-expression-82,"Luxurious Abstract Expression handcrafted in India. Rich textures and patterns in Jute make this a statement piece for Coastal decor.",24220,20587,8,Jute,India,Coastal,3,,"Blue, Black",Jute,Hooked,Medallion,Moroccan,"10' x 14'",10,14,rectangular,24220,,13,yes,"2' x 8'",2,8,runner,1600,,8,no,,,,,,,,,"Brown: #8b4513, Burgundy: #800020"
"Modern Striped Modern-striped-83",modern-striped-83,"Authentic Modern Striped rug made in Afghanistan from high-quality Wool & Silk. Timeless design for Contemporary homes.",9504,8078,7,"Wool & Silk",Afghanistan,Contemporary,6,,"Gold, Tan, Blush","Wool & Silk",Hand-Woven,Geometric,Traditional,"6' x 9'",6,9,rectangular,9504,,5,yes,,,,,,,,,,,,,,,,,"Teal: #008080, White: #ffffff, Gray: #808080"
"Seagrass Border Seagrass-border-84",seagrass-border-84,"Authentic Seagrass Border rug made in Pakistan from high-quality Wool & Silk. Timeless design for Rustic homes.",2805,,8,"Wool & Silk",Pakistan,Rustic,10,,"Gold, Gray, Purple","Wool & Silk",Hooked,Medallion,Modern,"3' x 5'",3,5,rectangular,2805,,12,yes,"2' x 10'",2,10,runner,3740,,3,no,"5' Round",5,5,round,4325,,15,no,"Cream: #f5f0e8"
"Industrial Rubber Back Industrial-rubber-back-85",industrial-rubber-back-85,"Stunning Industrial Rubber Back from Nepal, crafted using traditional techniques with Cotton. Adds elegance to any Glam space.",3705,,8,Cotton,Nepal,Glam,7,,"Ivory, Teal, Gray",Cotton,Braided,Medallion,Moroccan,"3' x 5'",3,5,rectangular,3705,,11,yes,"8' x 10'",8,10,rectangular,12880,10948,12,no,,,,,,,,,"Red: #ff0000"
"Persian Tabriz Persian-tabriz-86",persian-tabriz-86,"Exquisite Persian Tabriz featuring intricate patterns woven by skilled artisans in Bangladesh. Premium Faux Fur construction ensures lasting beauty.",3840,,7,"Faux Fur",Bangladesh,Modern,6,,"Navy Blue, Brown, Blue","Faux Fur",Flatweave,Paisley,Traditional,"2' x 8'",2,8,runner,3840,,12,yes,"6' x 9'",6,9,rectangular,8964,7619,6,no,,,,,,,,,"Emerald: #50c878, White: #ffffff, Purple: #800080"
"Farmhouse Braided Farmhouse-braided-87",farmhouse-braided-87,"Luxurious Farmhouse Braided handcrafted in Turkey. Rich textures and patterns in Polyester make this a statement piece for Glam decor.",2680,,5,Polyester,Turkey,Glam,17,,Charcoal,Polyester,Hand-Knotted,Floral,Turkish,"2' x 10'",2,10,runner,2680,,15,yes,"5' Round",5,5,round,2925,,18,no,"5' x 7'",5,7,rectangular,7245,,18,no,"Blue: #0000ff, Sage: #9dc183, Teal: #008080"
"Solid Shag Solid-shag-88",solid-shag-88,"Luxurious Solid Shag handcrafted in Iran. Rich textures and patterns in Natural Wool make this a statement piece for Rustic decor.",1950,,7,"Natural Wool",Iran,Rustic,23,,"Gray, Red, White","Natural Wool",Hooked,Distressed,Moroccan,"3' x 5'",3,5,rectangular,1950,1658,2,yes,"10' x 14'",10,14,rectangular,16940,,7,no,"5' Round",5,5,round,3300,2805,5,no,"Red: #ff0000, Green: #008000, Brown: #8b4513"
"Solid Plush Solid-plush-89",solid-plush-89,"Exquisite Solid Plush featuring intricate patterns woven by skilled artisans in Bangladesh. Premium Chenille construction ensures lasting beauty.",22680,19278,3,Chenille,Bangladesh,Bohemian,28,,"Teal, Red, Sage",Chenille,Hooked,Border,Indian,"10' x 14'",10,14,rectangular,22680,,9,yes,"2' x 10'",2,10,runner,1840,1564,16,no,"5' Round",5,5,round,2600,,14,no,"Gold: #c9a227, Mustard: #ffdb58, Blue: #0000ff"
"Persian Mashad Persian-mashad-90",persian-mashad-90,"Exquisite Persian Mashad featuring intricate patterns woven by skilled artisans in China. Premium Bamboo Silk construction ensures lasting beauty.",9664,,7,"Bamboo Silk",China,Tribal,7,,"Beige, Green, Black","Bamboo Silk",Hand-Woven,Distressed,Turkish,"8' Round",8,8,round,9664,8214,12,yes,,,,,,,,,,,,,,,,,"Emerald: #50c878, Charcoal: #36454f, Tan: #d2b48c"
"Abstract Expression Abstract-expression-91",abstract-expression-91,"Beautiful Abstract Expression rug hand-crafted in Bangladesh. Made from premium Natural Wool with exceptional detail and durability. Perfect for Vintage interiors.",10098,,6,"Natural Wool",Bangladesh,Vintage,13,,Purple,"Natural Wool",Braided,Abstract,Modern,"6' x 9'",6,9,rectangular,10098,,13,yes,"2' x 8'",2,8,runner,3600,,20,no,"7' Round",7,7,round,6076,,18,no,"White: #ffffff, Blush: #de5d83, Red: #ff0000"
"Turkish Sumak Turkish-sumak-92",turkish-sumak-92,"Exquisite Turkish Sumak featuring intricate patterns woven by skilled artisans in USA. Premium Wool & Silk construction ensures lasting beauty.",21492,,5,"Wool & Silk",USA,Industrial,23,,"Emerald, Terracotta","Wool & Silk",Knotted,Striped,Traditional,"9' x 12'",9,12,rectangular,21492,,6,yes,,,,,,,,,,,,,,,,,"Ivory: #fffff0, Black: #000000, Tan: #d2b48c, Terracotta: #e2725b"
"Modern Chevron Modern-chevron-93",modern-chevron-93,"Authentic Modern Chevron rug made in Nepal from high-quality Bamboo Silk. Timeless design for Industrial homes.",4776,,7,"Bamboo Silk",Nepal,Industrial,5,,Emerald,"Bamboo Silk",Hooked,Floral,Tibetan,"4' x 6'",4,6,rectangular,4776,4060,4,yes,"2' x 8'",2,8,runner,1968,1673,12,no,,,,,,,,,"Mustard: #ffdb58, Gold: #c9a227"
"Moroccan Boucherouite Moroccan-boucherouite-94",moroccan-boucherouite-94,"Luxurious Moroccan Boucherouite handcrafted in Nepal. Rich textures and patterns in Wool make this a statement piece for Tribal decor.",6370,,5,Wool,Nepal,Tribal,4,,Rust,Wool,Knotted,Distressed,Casual,"5' x 7'",5,7,rectangular,6370,,2,yes,,,,,,,,,,,,,,,,,"Purple: #800080, Black: #000000, Beige: #d4c4b0, Mustard: #ffdb58"
"Art Deco Abstract Art-deco-abstract-95",art-deco-abstract-95,"Exquisite Art Deco Abstract featuring intricate patterns woven by skilled artisans in Pakistan. Premium Seagrass construction ensures lasting beauty.",10692,,5,Seagrass,Pakistan,Contemporary,14,,"Rust, Burgundy, White",Seagrass,Knotted,Floral,Turkish,"9' x 12'",9,12,rectangular,10692,9088,14,yes,"8' Round",8,8,round,12480,,16,no,,,,,,,,,"Tan: #d2b48c"
"Persian Mashad Persian-mashad-96",persian-mashad-96,"Authentic Persian Mashad rug made in Bangladesh from high-quality Bamboo Silk. Timeless design for Contemporary homes.",3735,,5,"Bamboo Silk",Bangladesh,Contemporary,9,,"Teal, Brown, Blue","Bamboo Silk",Braided,Paisley,Moroccan,"3' x 5'",3,5,rectangular,3735,,3,yes,"2' x 10'",2,10,runner,1760,,16,no,"3' x 12'",3,12,runner,5472,4651,2,no,"Ivory: #fffff0, Blush: #de5d83"
"Scandinavian Minimal Scandinavian-minimal-97",scandinavian-minimal-97,"Authentic Scandinavian Minimal rug made in Morocco from high-quality Faux Fur. Timeless design for Glam homes.",2760,,6,"Faux Fur",Morocco,Glam,3,,"Ivory, Tan","Faux Fur",Hand-Tufted,Border,Casual,"3' x 5'",3,5,rectangular,2760,2346,4,yes,"7' Round",7,7,round,4312,,2,no,,,,,,,,,"Blue: #0000ff"
"Chenille Striped Chenille-striped-98",chenille-striped-98,"Exquisite Chenille Striped featuring intricate patterns woven by skilled artisans in China. Premium Seagrass construction ensures lasting beauty.",7920,,7,Seagrass,China,Transitional,30,,"Emerald, Sage, Terracotta",Seagrass,Hand-Knotted,Solid,Modern,"8' x 10'",8,10,rectangular,7920,,13,yes,"10' x 14'",10,14,rectangular,24920,,12,no,,,,,,,,,"Orange: #ffa500, Teal: #008080"
"Overdyed Vintage Overdyed-vintage-99",overdyed-vintage-99,"Beautiful Overdyed Vintage rug hand-crafted in USA. Made from premium Jute with exceptional detail and durability. Perfect for Tribal interiors.",2325,,5,Jute,USA,Tribal,3,,Orange,Jute,Braided,Paisley,Traditional,"3' x 5'",3,5,rectangular,2325,,10,yes,"5' x 7'",5,7,rectangular,6195,,8,no,,,,,,,,,"Beige: #d4c4b0, Rust: #b7410e"
"Afghan Khal Mohammadi Afghan-khal-mohammadi-100",afghan-khal-mohammadi-100,"Beautiful Afghan Khal Mohammadi rug hand-crafted in Nepal. Made from premium Jute with exceptional detail and durability. Perfect for Modern interiors.",6762,5748,6,Jute,Nepal,Modern,30,,"Brown, Purple, Terracotta",Jute,Knotted,Geometric,Turkish,"7' Round",7,7,round,6762,,12,yes,,,,,,,,,,,,,,,,,"Teal: #008080"
"Chinese Peking Chinese-peking-101",chinese-peking-101,"Stunning Chinese Peking from Pakistan, crafted using traditional techniques with 100% Wool. Adds elegance to any Bohemian space.",1888,,7,"100% Wool",Pakistan,Bohemian,15,,"Cream, Gray","100% Wool",Flatweave,Floral,Persian,"2' x 8'",2,8,runner,1888,,3,yes,"3' x 12'",3,12,runner,7056,,13,no,"8' x 10'",8,10,rectangular,15600,,4,no,"Blush: #de5d83, Burgundy: #800020"
"Persian Isfahan Persian-isfahan-102",persian-isfahan-102,"Beautiful Persian Isfahan rug hand-crafted in India. Made from premium Chenille with exceptional detail and durability. Perfect for Bohemian interiors.",11904,,4,Chenille,India,Bohemian,16,,Purple,Chenille,Hand-Tufted,Paisley,Modern,"8' Round",8,8,round,11904,,8,yes,"3' x 12'",3,12,runner,6516,,14,no,"2' x 8'",2,8,runner,2736,,11,no,"Tan: #d2b48c, Black: #000000"
"Solid Shag Solid-shag-103",solid-shag-103,"Beautiful Solid Shag rug hand-crafted in Afghanistan. Made from premium Faux Fur with exceptional detail and durability. Perfect for Glam interiors.",2784,2366,7,"Faux Fur",Afghanistan,Glam,23,,"Gold, Blue","Faux Fur",Braided,Geometric,Moroccan,"4' x 6'",4,6,rectangular,2784,,14,yes,"7' Round",7,7,round,6174,5248,19,no,"10' x 14'",10,14,rectangular,21280,,4,no,"Orange: #ffa500, Navy Blue: #1a2744"
"Persian Kerman Persian-kerman-104",persian-kerman-104,"Stunning Persian Kerman from Nepal, crafted using traditional techniques with Wool & Silk. Adds elegance to any Traditional space.",7693,6539,7,"Wool & Silk",Nepal,Traditional,8,,"Cream, Blush","Wool & Silk",Hand-Tufted,Floral,Indian,"7' Round",7,7,round,7693,6539,15,yes,,,,,,,,,,,,,,,,,"Gold: #c9a227, White: #ffffff"
"Persian Isfahan Persian-isfahan-105",persian-isfahan-105,"Beautiful Persian Isfahan rug hand-crafted in Pakistan. Made from premium Cotton with exceptional detail and durability. Perfect for Tribal interiors.",2712,2305,8,Cotton,Pakistan,Tribal,26,,Sage,Cotton,Hand-Knotted,Botanical,Turkish,"4' x 6'",4,6,rectangular,2712,2305,10,yes,,,,,,,,,,,,,,,,,"Teal: #008080, Brown: #8b4513, Mustard: #ffdb58"
"Jute Natural Jute-natural-106",jute-natural-106,"Beautiful Jute Natural rug hand-crafted in Egypt. Made from premium Wool with exceptional detail and durability. Perfect for Traditional interiors.",7350,6248,6,Wool,Egypt,Traditional,25,,Gold,Wool,Hooked,Paisley,Indian,"7' Round",7,7,round,7350,,10,yes,"8' Round",8,8,round,6720,,14,no,"6' x 9'",6,9,rectangular,4374,,2,no,"Mustard: #ffdb58, Cream: #f5f0e8"
"Distressed Oushak Distressed-oushak-107",distressed-oushak-107,"Exquisite Distressed Oushak featuring intricate patterns woven by skilled artisans in India. Premium Chenille construction ensures lasting beauty.",28840,,8,Chenille,India,Vintage,9,,Red,Chenille,Hand-Knotted,Medallion,Persian,"10' x 14'",10,14,rectangular,28840,24514,2,yes,,,,,,,,,,,,,,,,,"Orange: #ffa500, Burgundy: #800020"
"Moroccan Boucherouite Moroccan-boucherouite-108",moroccan-boucherouite-108,"Beautiful Moroccan Boucherouite rug hand-crafted in USA. Made from premium Polyester with exceptional detail and durability. Perfect for Vintage interiors.",5975,,4,Polyester,USA,Vintage,8,,"Charcoal, Orange, Mustard",Polyester,Hooked,Geometric,Casual,"5' Round",5,5,round,5975,,15,yes,"6' x 9'",6,9,rectangular,8964,7619,6,no,,,,,,,,,"Sage: #9dc183, Navy Blue: #1a2744, Gray: #808080, Burgundy: #800020"
"Modern Trellis Modern-trellis-109",modern-trellis-109,"Exquisite Modern Trellis featuring intricate patterns woven by skilled artisans in Afghanistan. Premium Seagrass construction ensures lasting beauty.",2775,,8,Seagrass,Afghanistan,Transitional,10,,"Navy Blue, Gray, Orange",Seagrass,Hand-Knotted,Solid,Casual,"5' Round",5,5,round,2775,,17,yes,,,,,,,,,,,,,,,,,"Terracotta: #e2725b, Brown: #8b4513"
"Moroccan Boucherouite Moroccan-boucherouite-110",moroccan-boucherouite-110,"Exquisite Moroccan Boucherouite featuring intricate patterns woven by skilled artisans in Tibet. Premium Silk construction ensures lasting beauty.",2775,2359,8,Silk,Tibet,Transitional,5,,"Red, Purple, Mustard",Silk,Hand-Knotted,Paisley,Tibetan,"3' x 5'",3,5,rectangular,2775,,13,yes,"5' Round",5,5,round,3225,,15,no,,,,,,,,,"Charcoal: #36454f, Navy Blue: #1a2744"
"Jute Braided Jute-braided-111",jute-braided-111,"Authentic Jute Braided rug made in China from high-quality Bamboo Silk. Timeless design for Modern homes.",23868,,5,"Bamboo Silk",China,Modern,24,,"Emerald, Sage","Bamboo Silk",Flatweave,Abstract,Modern,"9' x 12'",9,12,rectangular,23868,,4,yes,"3' x 5'",3,5,rectangular,2940,,3,no,"4' x 6'",4,6,rectangular,1992,,18,no,"Emerald: #50c878, Cream: #f5f0e8, Beige: #d4c4b0, White: #ffffff"
"Chenille Striped Chenille-striped-112",chenille-striped-112,"Beautiful Chenille Striped rug hand-crafted in Turkey. Made from premium Polyester with exceptional detail and durability. Perfect for Industrial interiors.",6464,,3,Polyester,Turkey,Industrial,25,,Red,Polyester,Hand-Knotted,Medallion,Persian,"8' Round",8,8,round,6464,,8,yes,"2' x 8'",2,8,runner,3504,,12,no,,,,,,,,,"Brown: #8b4513, Red: #ff0000, Ivory: #fffff0"
"Persian Gabbeh Persian-gabbeh-113",persian-gabbeh-113,"Authentic Persian Gabbeh rug made in USA from high-quality Polyester. Timeless design for Coastal homes.",11809,10038,8,Polyester,USA,Coastal,14,,"Teal, Blush, Terracotta",Polyester,Braided,Geometric,Tibetan,"7' Round",7,7,round,11809,,11,yes,,,,,,,,,,,,,,,,,"Cream: #f5f0e8, Emerald: #50c878"
"Pakistani Peshawar Pakistani-peshawar-114",pakistani-peshawar-114,"Luxurious Pakistani Peshawar handcrafted in Iran. Rich textures and patterns in Natural Wool make this a statement piece for Coastal decor.",2920,,7,"Natural Wool",Iran,Coastal,27,,"Gray, Green, Blush","Natural Wool",Hand-Woven,Striped,Turkish,"2' x 10'",2,10,runner,2920,,10,yes,,,,,,,,,,,,,,,,,"Beige: #d4c4b0, Emerald: #50c878, White: #ffffff, Mustard: #ffdb58"
"Indian Jaipur Indian-jaipur-115",indian-jaipur-115,"Exquisite Indian Jaipur featuring intricate patterns woven by skilled artisans in Tibet. Premium Viscose construction ensures lasting beauty.",5076,,3,Viscose,Tibet,Industrial,11,,"Purple, Tan",Viscose,Machine-Made,Botanical,Indian,"6' x 9'",6,9,rectangular,5076,,15,yes,"8' x 10'",8,10,rectangular,17920,,12,no,"5' x 7'",5,7,rectangular,3430,,2,no,"Gray: #808080, Terracotta: #e2725b"
"Coastal Stripe Coastal-stripe-116",coastal-stripe-116,"Luxurious Coastal Stripe handcrafted in Bangladesh. Rich textures and patterns in Microfiber make this a statement piece for Rustic decor.",6480,5508,6,Microfiber,Bangladesh,Rustic,12,,"Brown, Black, White",Microfiber,Flatweave,Floral,Traditional,"6' x 9'",6,9,rectangular,6480,,10,yes,"5' x 7'",5,7,rectangular,5635,,5,no,,,,,,,,,"Blue: #0000ff, Ivory: #fffff0, Blush: #de5d83, Gold: #c9a227"
"Southwestern Chimayo Southwestern-chimayo-117",southwestern-chimayo-117,"Beautiful Southwestern Chimayo rug hand-crafted in USA. Made from premium Wool with exceptional detail and durability. Perfect for Rustic interiors.",10800,,5,Wool,USA,Rustic,29,,Purple,Wool,Hooked,Geometric,Modern,"6' x 9'",6,9,rectangular,10800,,17,yes,"2' x 10'",2,10,runner,4780,,3,no,"8' x 10'",8,10,rectangular,17520,,6,no,"Black: #000000"
"Persian Tabriz Persian-tabriz-118",persian-tabriz-118,"Exquisite Persian Tabriz featuring intricate patterns woven by skilled artisans in USA. Premium Sisal construction ensures lasting beauty.",6517,,5,Sisal,USA,Tribal,26,,"Brown, Terracotta, Mustard",Sisal,Hand-Tufted,Medallion,Traditional,"7' Round",7,7,round,6517,,13,yes,"5' Round",5,5,round,5875,,17,no,,,,,,,,,"Cream: #f5f0e8, Teal: #008080"
"Persian Heriz Persian-heriz-119",persian-heriz-119,"Luxurious Persian Heriz handcrafted in Nepal. Rich textures and patterns in Natural Wool make this a statement piece for Bohemian decor.",2304,,3,"Natural Wool",Nepal,Bohemian,7,,Gold,"Natural Wool",Knotted,Botanical,Traditional,"2' x 8'",2,8,runner,2304,,13,yes,"10' x 14'",10,14,rectangular,14420,,15,no,"3' x 5'",3,5,rectangular,3660,,10,no,"Emerald: #50c878, Black: #000000"
"Farmhouse Braided Farmhouse-braided-120",farmhouse-braided-120,"Exquisite Farmhouse Braided featuring intricate patterns woven by skilled artisans in USA. Premium Silk construction ensures lasting beauty.",6516,5539,5,Silk,USA,Rustic,26,,"Cream, Beige, Purple",Silk,Braided,Striped,Modern,"3' x 12'",3,12,runner,6516,5539,14,yes,,,,,,,,,,,,,,,,,"Burgundy: #800020"
"Turkish Kilim Turkish-kilim-121",turkish-kilim-121,"Authentic Turkish Kilim rug made in Turkey from high-quality Natural Wool. Timeless design for Traditional homes.",4536,,7,"Natural Wool",Turkey,Traditional,22,,"Emerald, Mustard","Natural Wool",Hand-Woven,Solid,Turkish,"6' x 9'",6,9,rectangular,4536,,8,yes,"10' x 14'",10,14,rectangular,20300,,9,no,,,,,,,,,"White: #ffffff"
"Chenille Solid Chenille-solid-122",chenille-solid-122,"Stunning Chenille Solid from India, crafted using traditional techniques with Sisal. Adds elegance to any Coastal space.",6912,5875,3,Sisal,India,Coastal,8,,Red,Sisal,Hand-Woven,Botanical,Turkish,"3' x 12'",3,12,runner,6912,,3,yes,"4' x 6'",4,6,rectangular,3120,2652,3,no,,,,,,,,,"Blue: #0000ff, Burgundy: #800020"
"Chinese Art Deco Chinese-art-deco-123",chinese-art-deco-123,"Stunning Chinese Art Deco from Egypt, crafted using traditional techniques with Wool & Silk. Adds elegance to any Rustic space.",3800,3230,7,"Wool & Silk",Egypt,Rustic,11,,Red,"Wool & Silk",Flatweave,Abstract,Modern,"5' Round",5,5,round,3800,,8,yes,,,,,,,,,,,,,,,,,"Green: #008000, Burgundy: #800020, Blue: #0000ff, Mustard: #ffdb58"
"Shaggy Flokati Shaggy-flokati-124",shaggy-flokati-124,"Authentic Shaggy Flokati rug made in Tibet from high-quality Sisal. Timeless design for Coastal homes.",28420,,7,Sisal,Tibet,Coastal,23,,"Orange, Sage",Sisal,Hooked,Solid,Moroccan,"10' x 14'",10,14,rectangular,28420,,4,yes,"5' Round",5,5,round,4850,,17,no,,,,,,,,,"White: #ffffff, Tan: #d2b48c"
"Persian Qom Persian-qom-125",persian-qom-125,"Stunning Persian Qom from Egypt, crafted using traditional techniques with Sisal. Adds elegance to any Transitional space.",8244,,7,Sisal,Egypt,Transitional,27,,Terracotta,Sisal,Hand-Knotted,Striped,Modern,"3' x 12'",3,12,runner,8244,,5,yes,,,,,,,,,,,,,,,,,"Teal: #008080"
"Indian Gabbeh Indian-gabbeh-126",indian-gabbeh-126,"Luxurious Indian Gabbeh handcrafted in Morocco. Rich textures and patterns in Bamboo Silk make this a statement piece for Industrial decor.",12720,,3,"Bamboo Silk",Morocco,Industrial,20,,"Charcoal, Beige, Blush","Bamboo Silk",Hand-Tufted,Border,Tibetan,"8' x 10'",8,10,rectangular,12720,,11,yes,"9' x 12'",9,12,rectangular,14040,,19,no,,,,,,,,,"Navy Blue: #1a2744"
"Ultra Soft Ultra-soft-127",ultra-soft-127,"Beautiful Ultra Soft rug hand-crafted in Turkey. Made from premium Cotton with exceptional detail and durability. Perfect for Traditional interiors.",15520,,5,Cotton,Turkey,Traditional,27,,Terracotta,Cotton,Flatweave,Botanical,Tibetan,"8' x 10'",8,10,rectangular,15520,,8,yes,"7' Round",7,7,round,8232,6997,6,no,,,,,,,,,"Teal: #008080, Red: #ff0000"
"Persian Heriz Persian-heriz-128",persian-heriz-128,"Exquisite Persian Heriz featuring intricate patterns woven by skilled artisans in Morocco. Premium Polyester construction ensures lasting beauty.",6444,,6,Polyester,Morocco,Tribal,5,,"Teal, Orange",Polyester,Machine-Made,Medallion,Turkish,"3' x 12'",3,12,runner,6444,,17,yes,,,,,,,,,,,,,,,,,"Charcoal: #36454f, Cream: #f5f0e8, Tan: #d2b48c, Emerald: #50c878"
"Coastal Pattern Coastal-pattern-129",coastal-pattern-129,"Stunning Coastal Pattern from Morocco, crafted using traditional techniques with Sisal. Adds elegance to any Bohemian space.",1740,,6,Sisal,Morocco,Bohemian,26,,"Burgundy, Ivory",Sisal,Machine-Made,Geometric,Casual,"3' x 5'",3,5,rectangular,1740,,14,yes,"8' Round",8,8,round,10304,,20,no,,,,,,,,,"Tan: #d2b48c"
"Coastal Solid Coastal-solid-130",coastal-solid-130,"Luxurious Coastal Solid handcrafted in China. Rich textures and patterns in 100% Wool make this a statement piece for Rustic decor.",4992,,6,"100% Wool",China,Rustic,24,,"Orange, Blush, Sage","100% Wool",Hooked,Solid,Tibetan,"4' x 6'",4,6,rectangular,4992,,16,yes,"3' x 5'",3,5,rectangular,1410,1199,19,no,,,,,,,,,"Navy Blue: #1a2744"
"Distressed Modern Distressed-modern-131",distressed-modern-131,"Exquisite Distressed Modern featuring intricate patterns woven by skilled artisans in Bangladesh. Premium Wool & Silk construction ensures lasting beauty.",18720,,6,"Wool & Silk",Bangladesh,Contemporary,23,,"Cream, Ivory, Teal","Wool & Silk",Hooked,Paisley,Turkish,"8' x 10'",8,10,rectangular,18720,,14,yes,,,,,,,,,,,,,,,,,"Gray: #808080, Blue: #0000ff, Purple: #800080"
"Afghan Mauri Afghan-mauri-132",afghan-mauri-132,"Stunning Afghan Mauri from Afghanistan, crafted using traditional techniques with Jute. Adds elegance to any Contemporary space.",9920,,3,Jute,Afghanistan,Contemporary,20,,Black,Jute,Hand-Tufted,Solid,Modern,"8' Round",8,8,round,9920,,7,yes,,,,,,,,,,,,,,,,,"Green: #008000, Beige: #d4c4b0"
"Modern Trellis Modern-trellis-133",modern-trellis-133,"Luxurious Modern Trellis handcrafted in China. Rich textures and patterns in Chenille make this a statement piece for Transitional decor.",12096,,4,Chenille,China,Transitional,7,,"Brown, Blue",Chenille,Braided,Paisley,Moroccan,"9' x 12'",9,12,rectangular,12096,,13,yes,"10' x 14'",10,14,rectangular,27160,,18,no,,,,,,,,,"Rust: #b7410e"
"Moroccan Beni Ourain Moroccan-beni-ourain-134",moroccan-beni-ourain-134,"Exquisite Moroccan Beni Ourain featuring intricate patterns woven by skilled artisans in Tibet. Premium Bamboo Silk construction ensures lasting beauty.",3625,3081,5,"Bamboo Silk",Tibet,Bohemian,13,,"Rust, Black","Bamboo Silk",Hooked,Border,Persian,"5' Round",5,5,round,3625,3081,20,yes,,,,,,,,,,,,,,,,,"Gold: #c9a227, Purple: #800080"
"Indian Jaipur Indian-jaipur-135",indian-jaipur-135,"Exquisite Indian Jaipur featuring intricate patterns woven by skilled artisans in Iran. Premium Bamboo Silk construction ensures lasting beauty.",8240,,6,"Bamboo Silk",Iran,Vintage,24,,Black,"Bamboo Silk",Flatweave,Paisley,Persian,"8' x 10'",8,10,rectangular,8240,,6,yes,"6' x 9'",6,9,rectangular,7668,,6,no,"7' Round",7,7,round,10045,,12,no,"Charcoal: #36454f, Purple: #800080, Tan: #d2b48c"
"Persian Kerman Persian-kerman-136",persian-kerman-136,"Exquisite Persian Kerman featuring intricate patterns woven by skilled artisans in India. Premium Microfiber construction ensures lasting beauty.",8892,,4,Microfiber,India,Transitional,23,,"Charcoal, Mustard",Microfiber,Hooked,Floral,Persian,"3' x 12'",3,12,runner,8892,,10,yes,"5' x 7'",5,7,rectangular,7980,,11,no,"10' x 14'",10,14,rectangular,21000,,17,no,"Orange: #ffa500, Charcoal: #36454f"
"Persian Baluchi Persian-baluchi-137",persian-baluchi-137,"Authentic Persian Baluchi rug made in Egypt from high-quality Silk. Timeless design for Glam homes.",5886,5003,6,Silk,Egypt,Glam,10,,Sage,Silk,Hand-Woven,Abstract,Casual,"6' x 9'",6,9,rectangular,5886,5003,16,yes,"4' x 6'",4,6,rectangular,5592,,13,no,,,,,,,,,"Navy Blue: #1a2744"
"Silk Qum Silk-qum-138",silk-qum-138,"Authentic Silk Qum rug made in Iran from high-quality Microfiber. Timeless design for Coastal homes.",7182,,8,Microfiber,Iran,Coastal,8,,"Brown, Sage",Microfiber,Flatweave,Paisley,Moroccan,"6' x 9'",6,9,rectangular,7182,,14,yes,,,,,,,,,,,,,,,,,"Teal: #008080, Blue: #0000ff"
"Turkish Oushak Turkish-oushak-139",turkish-oushak-139,"Stunning Turkish Oushak from Tibet, crafted using traditional techniques with Viscose. Adds elegance to any Contemporary space.",4860,,8,Viscose,Tibet,Contemporary,13,,Red,Viscose,Hand-Knotted,Floral,Casual,"3' x 12'",3,12,runner,4860,,13,yes,,,,,,,,,,,,,,,,,"Navy Blue: #1a2744"
"Afghan Mauri Afghan-mauri-140",afghan-mauri-140,"Luxurious Afghan Mauri handcrafted in Nepal. Rich textures and patterns in Sisal make this a statement piece for Rustic decor.",1720,,4,Sisal,Nepal,Rustic,20,,"Blue, Black, Tan",Sisal,Hand-Woven,Botanical,Turkish,"2' x 10'",2,10,runner,1720,,10,yes,,,,,,,,,,,,,,,,,"Ivory: #fffff0, Cream: #f5f0e8, Charcoal: #36454f, White: #ffffff"
"Silk Qum Silk-qum-141",silk-qum-141,"Luxurious Silk Qum handcrafted in India. Rich textures and patterns in Wool make this a statement piece for Contemporary decor.",9600,,7,Wool,India,Contemporary,24,,"Red, Black",Wool,Hand-Woven,Medallion,Turkish,"8' x 10'",8,10,rectangular,9600,,6,yes,"4' x 6'",4,6,rectangular,5064,,3,no,"3' x 5'",3,5,rectangular,1965,1670,18,no,"Emerald: #50c878, Beige: #d4c4b0"
"Persian Shiraz Persian-shiraz-142",persian-shiraz-142,"Exquisite Persian Shiraz featuring intricate patterns woven by skilled artisans in Iran. Premium Chenille construction ensures lasting beauty.",5640,4794,4,Chenille,Iran,Contemporary,27,,White,Chenille,Flatweave,Paisley,Indian,"4' x 6'",4,6,rectangular,5640,4794,4,yes,"7' Round",7,7,round,11711,9954,16,no,,,,,,,,,"Teal: #008080, Emerald: #50c878, Beige: #d4c4b0"
"Persian Tabriz Persian-tabriz-143",persian-tabriz-143,"Exquisite Persian Tabriz featuring intricate patterns woven by skilled artisans in Morocco. Premium Wool & Silk construction ensures lasting beauty.",7020,5967,5,"Wool & Silk",Morocco,Coastal,5,,"Gold, Ivory, Blush","Wool & Silk",Hand-Woven,Distressed,Traditional,"6' x 9'",6,9,rectangular,7020,,14,yes,"8' x 10'",8,10,rectangular,9200,,20,no,"9' x 12'",9,12,rectangular,26028,22124,12,no,"Red: #ff0000, Teal: #008080"
"Seagrass Natural Seagrass-natural-144",seagrass-natural-144,"Stunning Seagrass Natural from Tibet, crafted using traditional techniques with Wool & Silk. Adds elegance to any Transitional space.",1410,,5,"Wool & Silk",Tibet,Transitional,18,,Green,"Wool & Silk",Flatweave,Paisley,Casual,"3' x 5'",3,5,rectangular,1410,,8,yes,"5' Round",5,5,round,4850,,19,no,"6' x 9'",6,9,rectangular,10908,9272,15,no,"Brown: #8b4513"
"Silk Tabriz Silk-tabriz-145",silk-tabriz-145,"Luxurious Silk Tabriz handcrafted in Turkey. Rich textures and patterns in Faux Fur make this a statement piece for Coastal decor.",9555,,3,"Faux Fur",Turkey,Coastal,15,,"Gold, Burgundy, Terracotta","Faux Fur",Hand-Tufted,Medallion,Moroccan,"7' Round",7,7,round,9555,,20,yes,"2' x 10'",2,10,runner,4480,,5,no,,,,,,,,,"Emerald: #50c878, Beige: #d4c4b0, Brown: #8b4513"
"Modern Striped Modern-striped-146",modern-striped-146,"Stunning Modern Striped from China, crafted using traditional techniques with Silk. Adds elegance to any Bohemian space.",16308,13862,7,Silk,China,Bohemian,12,,"Blue, Blush",Silk,Hand-Tufted,Geometric,Indian,"9' x 12'",9,12,rectangular,16308,13862,2,yes,"2' x 8'",2,8,runner,1632,1387,7,no,"4' x 6'",4,6,rectangular,4560,,7,no,"Rust: #b7410e"
"Indian Jaipur Indian-jaipur-147",indian-jaipur-147,"Exquisite Indian Jaipur featuring intricate patterns woven by skilled artisans in USA. Premium Viscose construction ensures lasting beauty.",5760,,6,Viscose,USA,Contemporary,11,,"Green, Purple, White",Viscose,Machine-Made,Abstract,Tibetan,"8' Round",8,8,round,5760,,15,yes,"5' Round",5,5,round,5825,,15,no,,,,,,,,,"White: #ffffff, Emerald: #50c878"
"Wool Tufted Wool-tufted-148",wool-tufted-148,"Stunning Wool Tufted from USA, crafted using traditional techniques with Wool. Adds elegance to any Bohemian space.",7488,6365,4,Wool,USA,Bohemian,16,,"Gold, Red",Wool,Hand-Woven,Paisley,Turkish,"8' Round",8,8,round,7488,6365,3,yes,,,,,,,,,,,,,,,,,"Black: #000000"
"Abstract Expression Abstract-expression-149",abstract-expression-149,"Stunning Abstract Expression from Turkey, crafted using traditional techniques with Sisal. Adds elegance to any Industrial space.",3664,,3,Sisal,Turkey,Industrial,17,,"Ivory, Blue",Sisal,Machine-Made,Botanical,Traditional,"2' x 8'",2,8,runner,3664,,5,yes,"2' x 10'",2,10,runner,1620,,19,no,,,,,,,,,"Green: #008000, Brown: #8b4513, Black: #000000"
"Chenille Soft Chenille-soft-150",chenille-soft-150,"Beautiful Chenille Soft rug hand-crafted in Iran. Made from premium 100% Wool with exceptional detail and durability. Perfect for Glam interiors.",2025,,4,"100% Wool",Iran,Glam,15,,"Charcoal, Red, Mustard","100% Wool",Hand-Woven,Border,Turkish,"5' Round",5,5,round,2025,1721,19,yes,,,,,,,,,,,,,,,,,"Beige: #d4c4b0, Gold: #c9a227, Orange: #ffa500, Emerald: #50c878"
"Jute Braided Jute-braided-151",jute-braided-151,"Authentic Jute Braided rug made in Afghanistan from high-quality Polyester. Timeless design for Glam homes.",5616,,6,Polyester,Afghanistan,Glam,12,,"Gold, Blush",Polyester,Knotted,Floral,Indian,"3' x 12'",3,12,runner,5616,4774,16,yes,,,,,,,,,,,,,,,,,"Navy Blue: #1a2744"
"Pakistani Bokhara Pakistani-bokhara-152",pakistani-bokhara-152,"Authentic Pakistani Bokhara rug made in Pakistan from high-quality Silk. Timeless design for Tribal homes.",2576,2190,3,Silk,Pakistan,Tribal,5,,"Blue, Orange",Silk,Hand-Knotted,Botanical,Casual,"2' x 8'",2,8,runner,2576,2190,14,yes,"5' x 7'",5,7,rectangular,8365,,16,no,,,,,,,,,"Gray: #808080, Mustard: #ffdb58, Terracotta: #e2725b"
"Wool Braided Wool-braided-153",wool-braided-153,"Exquisite Wool Braided featuring intricate patterns woven by skilled artisans in Nepal. Premium Faux Fur construction ensures lasting beauty.",1275,,6,"Faux Fur",Nepal,Tribal,10,,Sage,"Faux Fur",Flatweave,Geometric,Turkish,"3' x 5'",3,5,rectangular,1275,1084,17,yes,"6' x 9'",6,9,rectangular,11502,9777,15,no,"3' x 12'",3,12,runner,4572,3886,12,no,"Gold: #c9a227, Navy Blue: #1a2744, Green: #008000, Rust: #b7410e"
"Bohemian Pattern Bohemian-pattern-154",bohemian-pattern-154,"Beautiful Bohemian Pattern rug hand-crafted in Afghanistan. Made from premium Wool & Silk with exceptional detail and durability. Perfect for Tribal interiors.",14000,,3,"Wool & Silk",Afghanistan,Tribal,4,,"Teal, Orange","Wool & Silk",Flatweave,Striped,Tibetan,"10' x 14'",10,14,rectangular,14000,,3,yes,"8' Round",8,8,round,8960,7616,3,no,,,,,,,,,"Mustard: #ffdb58"
"Art Deco Geometric Art-deco-geometric-155",art-deco-geometric-155,"Authentic Art Deco Geometric rug made in India from high-quality Wool & Silk. Timeless design for Contemporary homes.",8320,7072,6,"Wool & Silk",India,Contemporary,14,,Ivory,"Wool & Silk",Knotted,Distressed,Persian,"8' Round",8,8,round,8320,7072,3,yes,,,,,,,,,,,,,,,,,"Navy Blue: #1a2744"
"Indian Gabbeh Indian-gabbeh-156",indian-gabbeh-156,"Beautiful Indian Gabbeh rug hand-crafted in Morocco. Made from premium Sisal with exceptional detail and durability. Perfect for Rustic interiors.",2780,2363,7,Sisal,Morocco,Rustic,25,,"Rust, Blush",Sisal,Knotted,Medallion,Persian,"2' x 10'",2,10,runner,2780,,13,yes,"10' x 14'",10,14,rectangular,19880,16898,19,no,,,,,,,,,"Blue: #0000ff, Teal: #008080, Blush: #de5d83, Green: #008000"
"Solid Shag Solid-shag-157",solid-shag-157,"Authentic Solid Shag rug made in India from high-quality Sisal. Timeless design for Bohemian homes.",3024,2570,6,Sisal,India,Bohemian,10,,"Burgundy, White",Sisal,Knotted,Paisley,Casual,"2' x 8'",2,8,runner,3024,,12,yes,"10' x 14'",10,14,rectangular,33320,,16,no,"7' Round",7,7,round,11368,9663,13,no,"Orange: #ffa500, Rust: #b7410e, Navy Blue: #1a2744"
"Transitional Floral Transitional-floral-158",transitional-floral-158,"Beautiful Transitional Floral rug hand-crafted in Egypt. Made from premium Polyester with exceptional detail and durability. Perfect for Minimalist interiors.",5400,,8,Polyester,Egypt,Minimalist,29,,Blue,Polyester,Hand-Knotted,Botanical,Turkish,"5' Round",5,5,round,5400,4590,5,yes,,,,,,,,,,,,,,,,,"Ivory: #fffff0"
"Persian Sarouk Persian-sarouk-159",persian-sarouk-159,"Beautiful Persian Sarouk rug hand-crafted in China. Made from premium Jute with exceptional detail and durability. Perfect for Glam interiors.",3864,,4,Jute,China,Glam,19,,"Charcoal, Burgundy, Blue",Jute,Hand-Tufted,Floral,Turkish,"4' x 6'",4,6,rectangular,3864,,14,yes,"5' Round",5,5,round,2150,,9,no,,,,,,,,,"Purple: #800080, Orange: #ffa500, Black: #000000"
"Bohemian Pattern Bohemian-pattern-160",bohemian-pattern-160,"Authentic Bohemian Pattern rug made in Afghanistan from high-quality Cotton. Timeless design for Transitional homes.",7992,,5,Cotton,Afghanistan,Transitional,3,,"Beige, Green",Cotton,Flatweave,Border,Casual,"3' x 12'",3,12,runner,7992,6793,6,yes,,,,,,,,,,,,,,,,,"Beige: #d4c4b0, Blush: #de5d83"
"Pakistani Peshawar Pakistani-peshawar-161",pakistani-peshawar-161,"Stunning Pakistani Peshawar from Turkey, crafted using traditional techniques with Viscose. Adds elegance to any Vintage space.",3675,,7,Viscose,Turkey,Vintage,18,,White,Viscose,Flatweave,Striped,Modern,"5' x 7'",5,7,rectangular,3675,3124,4,yes,,,,,,,,,,,,,,,,,"Gold: #c9a227, Red: #ff0000, Ivory: #fffff0, Teal: #008080"
"Persian Kashan Persian-kashan-162",persian-kashan-162,"Luxurious Persian Kashan handcrafted in Tibet. Rich textures and patterns in Natural Wool make this a statement piece for Modern decor.",5350,,7,"Natural Wool",Tibet,Modern,4,,Beige,"Natural Wool",Flatweave,Botanical,Moroccan,"5' Round",5,5,round,5350,,2,yes,"2' x 10'",2,10,runner,3960,,8,no,"6' x 9'",6,9,rectangular,13014,,17,no,"Gray: #808080"
"Distressed Modern Distressed-modern-163",distressed-modern-163,"Exquisite Distressed Modern featuring intricate patterns woven by skilled artisans in Afghanistan. Premium Wool & Silk construction ensures lasting beauty.",4475,,8,"Wool & Silk",Afghanistan,Bohemian,15,,Red,"Wool & Silk",Machine-Made,Abstract,Tibetan,"5' Round",5,5,round,4475,3804,4,yes,,,,,,,,,,,,,,,,,"Purple: #800080"
"Southwestern Chimayo Southwestern-chimayo-164",southwestern-chimayo-164,"Stunning Southwestern Chimayo from Morocco, crafted using traditional techniques with Microfiber. Adds elegance to any Minimalist space.",3430,,7,Microfiber,Morocco,Minimalist,5,,Terracotta,Microfiber,Hooked,Striped,Tibetan,"5' x 7'",5,7,rectangular,3430,,14,yes,"8' Round",8,8,round,8064,,12,no,,,,,,,,,"Mustard: #ffdb58, Navy Blue: #1a2744, Blush: #de5d83"
"Overdyed Patchwork Overdyed-patchwork-165",overdyed-patchwork-165,"Exquisite Overdyed Patchwork featuring intricate patterns woven by skilled artisans in Bangladesh. Premium Chenille construction ensures lasting beauty.",11286,9593,8,Chenille,Bangladesh,Bohemian,28,,"Navy Blue, Tan, Sage",Chenille,Hand-Tufted,Distressed,Tibetan,"6' x 9'",6,9,rectangular,11286,,11,yes,"7' Round",7,7,round,6958,,9,no,,,,,,,,,"Burgundy: #800020, Beige: #d4c4b0"
"Silk Kashan Silk-kashan-166",silk-kashan-166,"Beautiful Silk Kashan rug hand-crafted in Iran. Made from premium Viscose with exceptional detail and durability. Perfect for Tribal interiors.",7488,6365,8,Viscose,Iran,Tribal,21,,Black,Viscose,Hand-Knotted,Geometric,Persian,"8' Round",8,8,round,7488,,2,yes,"5' Round",5,5,round,4100,,9,no,"6' x 9'",6,9,rectangular,4320,,20,no,"Mustard: #ffdb58, Cream: #f5f0e8"
"Distressed Modern Distressed-modern-167",distressed-modern-167,"Luxurious Distressed Modern handcrafted in Egypt. Rich textures and patterns in Silk make this a statement piece for Traditional decor.",4340,,4,Silk,Egypt,Traditional,3,,Burgundy,Silk,Hand-Woven,Distressed,Turkish,"5' x 7'",5,7,rectangular,4340,,11,yes,"6' x 9'",6,9,rectangular,9288,,5,no,,,,,,,,,"Orange: #ffa500, Rust: #b7410e, Green: #008000, Blue: #0000ff"
"Ultra Soft Ultra-soft-168",ultra-soft-168,"Authentic Ultra Soft rug made in Morocco from high-quality Jute. Timeless design for Traditional homes.",9504,8078,3,Jute,Morocco,Traditional,6,,"Navy Blue, Gray, Sage",Jute,Braided,Solid,Moroccan,"6' x 9'",6,9,rectangular,9504,,15,yes,,,,,,,,,,,,,,,,,"Black: #000000"
"Soft Solid Soft-solid-169",soft-solid-169,"Luxurious Soft Solid handcrafted in Afghanistan. Rich textures and patterns in Wool & Silk make this a statement piece for Vintage decor.",25488,,3,"Wool & Silk",Afghanistan,Vintage,12,,"Brown, Orange, Purple","Wool & Silk",Hand-Woven,Distressed,Modern,"9' x 12'",9,12,rectangular,25488,21665,13,yes,"4' x 6'",4,6,rectangular,3312,,6,no,"10' x 14'",10,14,rectangular,28420,,18,no,"Red: #ff0000, Purple: #800080, Cream: #f5f0e8, Gray: #808080"
"Silk Hereke Silk-hereke-170",silk-hereke-170,"Luxurious Silk Hereke handcrafted in Iran. Rich textures and patterns in Wool & Silk make this a statement piece for Rustic decor.",4865,4135,5,"Wool & Silk",Iran,Rustic,20,,"Blue, Sage","Wool & Silk",Hooked,Abstract,Indian,"5' x 7'",5,7,rectangular,4865,,19,yes,"2' x 8'",2,8,runner,3104,,13,no,,,,,,,,,"Black: #000000, Terracotta: #e2725b"
"Pakistani Peshawar Pakistani-peshawar-171",pakistani-peshawar-171,"Stunning Pakistani Peshawar from China, crafted using traditional techniques with Seagrass. Adds elegance to any Coastal space.",1880,1598,7,Seagrass,China,Coastal,7,,Blush,Seagrass,Hand-Tufted,Geometric,Indian,"2' x 10'",2,10,runner,1880,1598,2,yes,"6' x 9'",6,9,rectangular,5508,4682,5,no,"8' x 10'",8,10,rectangular,17680,15028,6,no,"Black: #000000, Gold: #c9a227, Cream: #f5f0e8"
"Abstract Expression Abstract-expression-172",abstract-expression-172,"Stunning Abstract Expression from Bangladesh, crafted using traditional techniques with Viscose. Adds elegance to any Contemporary space.",1830,1556,8,Viscose,Bangladesh,Contemporary,6,,"Emerald, Green",Viscose,Machine-Made,Geometric,Turkish,"3' x 5'",3,5,rectangular,1830,1556,10,yes,"8' x 10'",8,10,rectangular,11200,,8,no,"3' x 12'",3,12,runner,7236,,13,no,"Red: #ff0000, Emerald: #50c878, Tan: #d2b48c"
"Distressed Modern Distressed-modern-173",distressed-modern-173,"Exquisite Distressed Modern featuring intricate patterns woven by skilled artisans in China. Premium Cotton construction ensures lasting beauty.",4740,,3,Cotton,China,Rustic,20,,"Gold, Green",Cotton,Hooked,Paisley,Casual,"2' x 10'",2,10,runner,4740,,3,yes,"8' Round",8,8,round,10816,9194,9,no,"7' Round",7,7,round,12103,,15,no,"Mustard: #ffdb58, Brown: #8b4513, White: #ffffff"
"Southwestern Zapotec Southwestern-zapotec-174",southwestern-zapotec-174,"Luxurious Southwestern Zapotec handcrafted in Turkey. Rich textures and patterns in Polyester make this a statement piece for Contemporary decor.",5976,,3,Polyester,Turkey,Contemporary,12,,"Beige, Purple, White",Polyester,Braided,Abstract,Indian,"4' x 6'",4,6,rectangular,5976,5080,20,yes,"10' x 14'",10,14,rectangular,17920,,8,no,,,,,,,,,"Red: #ff0000, Blue: #0000ff"
"Turkish Kilim Turkish-kilim-175",turkish-kilim-175,"Exquisite Turkish Kilim featuring intricate patterns woven by skilled artisans in Turkey. Premium Wool construction ensures lasting beauty.",24516,20839,7,Wool,Turkey,Industrial,8,,"Navy Blue, Red, Orange",Wool,Hooked,Distressed,Modern,"9' x 12'",9,12,rectangular,24516,20839,18,yes,,,,,,,,,,,,,,,,,"Terracotta: #e2725b, Red: #ff0000"
"Indo-Kashan Indo-kashan-176",indo-kashan-176,"Stunning Indo-Kashan from Tibet, crafted using traditional techniques with Microfiber. Adds elegance to any Industrial space.",4980,4233,3,Microfiber,Tibet,Industrial,29,,"Beige, White, Tan",Microfiber,Hooked,Medallion,Traditional,"2' x 10'",2,10,runner,4980,,9,yes,"3' x 5'",3,5,rectangular,1845,,20,no,,,,,,,,,"Rust: #b7410e, Navy Blue: #1a2744"
"Silk Qum Silk-qum-177",silk-qum-177,"Authentic Silk Qum rug made in India from high-quality Silk. Timeless design for Minimalist homes.",12928,,4,Silk,India,Minimalist,22,,Mustard,Silk,Flatweave,Medallion,Moroccan,"8' Round",8,8,round,12928,,9,yes,"2' x 10'",2,10,runner,3580,,9,no,,,,,,,,,"Blue: #0000ff, Purple: #800080, White: #ffffff, Brown: #8b4513"
"Scandinavian Geometric Scandinavian-geometric-178",scandinavian-geometric-178,"Stunning Scandinavian Geometric from India, crafted using traditional techniques with Polyester. Adds elegance to any Transitional space.",6534,,7,Polyester,India,Transitional,23,,"White, Blush, Mustard",Polyester,Hand-Tufted,Abstract,Traditional,"6' x 9'",6,9,rectangular,6534,5554,18,yes,,,,,,,,,,,,,,,,,"Gold: #c9a227"
"Farmhouse Solid Farmhouse-solid-179",farmhouse-solid-179,"Beautiful Farmhouse Solid rug hand-crafted in Tibet. Made from premium Silk with exceptional detail and durability. Perfect for Coastal interiors.",8470,7200,3,Silk,Tibet,Coastal,21,,Tan,Silk,Hand-Woven,Striped,Moroccan,"5' x 7'",5,7,rectangular,8470,,18,yes,,,,,,,,,,,,,,,,,"Red: #ff0000, Mustard: #ffdb58, Tan: #d2b48c, Sage: #9dc183"
"Vintage Mahal Vintage-mahal-180",vintage-mahal-180,"Authentic Vintage Mahal rug made in China from high-quality Natural Wool. Timeless design for Tribal homes.",7350,6248,4,"Natural Wool",China,Tribal,15,,"Gray, Red, Purple","Natural Wool",Hand-Woven,Abstract,Casual,"7' Round",7,7,round,7350,,6,yes,"3' x 5'",3,5,rectangular,1875,,7,no,"2' x 10'",2,10,runner,3820,,17,no,"Green: #008000, Blue: #0000ff"
"Jute Braided Jute-braided-181",jute-braided-181,"Exquisite Jute Braided featuring intricate patterns woven by skilled artisans in Iran. Premium Seagrass construction ensures lasting beauty.",4992,,7,Seagrass,Iran,Minimalist,19,,"Charcoal, Purple",Seagrass,Machine-Made,Paisley,Casual,"4' x 6'",4,6,rectangular,4992,,10,yes,"5' Round",5,5,round,4225,,5,no,"5' x 7'",5,7,rectangular,6335,,3,no,"Beige: #d4c4b0, Purple: #800080, Tan: #d2b48c"
"Turkish Oushak Turkish-oushak-182",turkish-oushak-182,"Stunning Turkish Oushak from Morocco, crafted using traditional techniques with Natural Wool. Adds elegance to any Transitional space.",3288,,6,"Natural Wool",Morocco,Transitional,12,,"Orange, Black, Tan","Natural Wool",Braided,Solid,Traditional,"4' x 6'",4,6,rectangular,3288,,19,yes,"9' x 12'",9,12,rectangular,25920,,2,no,"6' x 9'",6,9,rectangular,8694,7390,8,no,"Gray: #808080, Blue: #0000ff, Terracotta: #e2725b, Teal: #008080"
"Southwestern Zapotec Southwestern-zapotec-183",southwestern-zapotec-183,"Beautiful Southwestern Zapotec rug hand-crafted in Turkey. Made from premium Chenille with exceptional detail and durability. Perfect for Coastal interiors.",2575,,4,Chenille,Turkey,Coastal,18,,Red,Chenille,Hand-Woven,Floral,Casual,"5' Round",5,5,round,2575,,7,yes,"8' x 10'",8,10,rectangular,18080,,16,no,"9' x 12'",9,12,rectangular,20196,,16,no,"Blue: #0000ff, Blush: #de5d83"
"Art Deco Geometric Art-deco-geometric-184",art-deco-geometric-184,"Exquisite Art Deco Geometric featuring intricate patterns woven by skilled artisans in Morocco. Premium Natural Wool construction ensures lasting beauty.",8624,,4,"Natural Wool",Morocco,Industrial,12,,"Cream, Teal, Gray","Natural Wool",Braided,Paisley,Turkish,"7' Round",7,7,round,8624,7330,9,yes,"8' x 10'",8,10,rectangular,13280,,20,no,,,,,,,,,"Sage: #9dc183, Brown: #8b4513, Ivory: #fffff0, Black: #000000"
"Modern Trellis Modern-trellis-185",modern-trellis-185,"Authentic Modern Trellis rug made in Pakistan from high-quality Wool. Timeless design for Rustic homes.",30940,26299,7,Wool,Pakistan,Rustic,28,,"Gold, Beige, Sage",Wool,Hand-Tufted,Geometric,Moroccan,"10' x 14'",10,14,rectangular,30940,,12,yes,"2' x 8'",2,8,runner,3488,,11,no,,,,,,,,,"Terracotta: #e2725b"
"Shaggy Faux Fur Shaggy-faux-fur-186",shaggy-faux-fur-186,"Stunning Shaggy Faux Fur from Afghanistan, crafted using traditional techniques with Faux Fur. Adds elegance to any Transitional space.",3560,,6,"Faux Fur",Afghanistan,Transitional,18,,Burgundy,"Faux Fur",Hooked,Geometric,Modern,"2' x 10'",2,10,runner,3560,,15,yes,,,,,,,,,,,,,,,,,"Brown: #8b4513"
"Distressed Heriz Distressed-heriz-187",distressed-heriz-187,"Luxurious Distressed Heriz handcrafted in Pakistan. Rich textures and patterns in Microfiber make this a statement piece for Tribal decor.",4224,,7,Microfiber,Pakistan,Tribal,7,,Blush,Microfiber,Braided,Border,Persian,"4' x 6'",4,6,rectangular,4224,,6,yes,"8' x 10'",8,10,rectangular,14000,11900,7,no,"8' Round",8,8,round,8576,7290,13,no,"Terracotta: #e2725b, Gold: #c9a227"
"Tibetan Lotus Tibetan-lotus-188",tibetan-lotus-188,"Stunning Tibetan Lotus from Iran, crafted using traditional techniques with Sisal. Adds elegance to any Transitional space.",1424,,3,Sisal,Iran,Transitional,7,,Charcoal,Sisal,Machine-Made,Paisley,Moroccan,"2' x 8'",2,8,runner,1424,,2,yes,"9' x 12'",9,12,rectangular,13176,11200,17,no,"8' Round",8,8,round,13248,,12,no,"Emerald: #50c878"
"Scandinavian Minimal Scandinavian-minimal-189",scandinavian-minimal-189,"Exquisite Scandinavian Minimal featuring intricate patterns woven by skilled artisans in Tibet. Premium 100% Wool construction ensures lasting beauty.",9280,,6,"100% Wool",Tibet,Industrial,11,,"Beige, White","100% Wool",Hand-Woven,Medallion,Moroccan,"8' Round",8,8,round,9280,,5,yes,"9' x 12'",9,12,rectangular,22140,18819,19,no,,,,,,,,,"Blue: #0000ff, Gray: #808080"
"Southwestern Zapotec Southwestern-zapotec-190",southwestern-zapotec-190,"Exquisite Southwestern Zapotec featuring intricate patterns woven by skilled artisans in India. Premium Microfiber construction ensures lasting beauty.",24640,,3,Microfiber,India,Glam,13,,Gold,Microfiber,Hand-Woven,Geometric,Turkish,"10' x 14'",10,14,rectangular,24640,,2,yes,,,,,,,,,,,,,,,,,"Black: #000000, Emerald: #50c878, Teal: #008080"
"Chenille Soft Chenille-soft-191",chenille-soft-191,"Stunning Chenille Soft from Nepal, crafted using traditional techniques with Microfiber. Adds elegance to any Glam space.",4590,,4,Microfiber,Nepal,Glam,13,,"Cream, Green",Microfiber,Hooked,Distressed,Moroccan,"6' x 9'",6,9,rectangular,4590,,9,yes,"3' x 5'",3,5,rectangular,1980,1683,19,no,"8' x 10'",8,10,rectangular,14560,,3,no,"Rust: #b7410e"
"Seagrass Border Seagrass-border-192",seagrass-border-192,"Stunning Seagrass Border from China, crafted using traditional techniques with Chenille. Adds elegance to any Traditional space.",2460,2091,3,Chenille,China,Traditional,17,,Green,Chenille,Flatweave,Floral,Indian,"2' x 10'",2,10,runner,2460,,6,yes,"9' x 12'",9,12,rectangular,21816,18544,9,no,"5' x 7'",5,7,rectangular,5110,,4,no,"Brown: #8b4513, Mustard: #ffdb58"
"Modern Trellis Modern-trellis-193",modern-trellis-193,"Authentic Modern Trellis rug made in Tibet from high-quality Sisal. Timeless design for Industrial homes.",2064,,4,Sisal,Tibet,Industrial,12,,"Navy Blue, Brown",Sisal,Flatweave,Floral,Casual,"4' x 6'",4,6,rectangular,2064,,15,yes,"8' Round",8,8,round,6016,5114,11,no,"2' x 10'",2,10,runner,2340,,11,no,"Red: #ff0000, Gold: #c9a227"
"Ultra Soft Ultra-soft-194",ultra-soft-194,"Exquisite Ultra Soft featuring intricate patterns woven by skilled artisans in Nepal. Premium Polyester construction ensures lasting beauty.",5978,,7,Polyester,Nepal,Bohemian,4,,"Burgundy, Gray",Polyester,Hand-Knotted,Distressed,Indian,"7' Round",7,7,round,5978,,11,yes,"2' x 10'",2,10,runner,4780,,14,no,,,,,,,,,"Gray: #808080, Cream: #f5f0e8"
"Persian Qom Persian-qom-195",persian-qom-195,"Luxurious Persian Qom handcrafted in Morocco. Rich textures and patterns in Sisal make this a statement piece for Bohemian decor.",3840,,4,Sisal,Morocco,Bohemian,17,,"Cream, Rust, Blue",Sisal,Braided,Floral,Moroccan,"2' x 8'",2,8,runner,3840,3264,15,yes,,,,,,,,,,,,,,,,,"Beige: #d4c4b0"
"Sisal Basketweave Sisal-basketweave-196",sisal-basketweave-196,"Authentic Sisal Basketweave rug made in India from high-quality Microfiber. Timeless design for Bohemian homes.",2880,,7,Microfiber,India,Bohemian,26,,"Gold, Purple",Microfiber,Knotted,Floral,Tibetan,"3' x 12'",3,12,runner,2880,,5,yes,"5' Round",5,5,round,2825,,17,no,"2' x 8'",2,8,runner,3056,,20,no,"Rust: #b7410e, Orange: #ffa500, Terracotta: #e2725b"
"Indian Jaipur Indian-jaipur-197",indian-jaipur-197,"Stunning Indian Jaipur from Iran, crafted using traditional techniques with 100% Wool. Adds elegance to any Glam space.",5888,,6,"100% Wool",Iran,Glam,27,,Gold,"100% Wool",Hand-Knotted,Abstract,Tibetan,"8' Round",8,8,round,5888,,9,yes,"3' x 5'",3,5,rectangular,2445,2078,14,no,,,,,,,,,"Charcoal: #36454f, Brown: #8b4513, Ivory: #fffff0, Gold: #c9a227"
"Seagrass Natural Seagrass-natural-198",seagrass-natural-198,"Luxurious Seagrass Natural handcrafted in Nepal. Rich textures and patterns in Silk make this a statement piece for Vintage decor.",3925,3336,6,Silk,Nepal,Vintage,14,,"Teal, Black, Terracotta",Silk,Knotted,Abstract,Persian,"5' Round",5,5,round,3925,,5,yes,"2' x 8'",2,8,runner,1856,,10,no,"7' Round",7,7,round,11564,,18,no,"Orange: #ffa500"
"Persian Tabriz Persian-tabriz-199",persian-tabriz-199,"Stunning Persian Tabriz from USA, crafted using traditional techniques with Jute. Adds elegance to any Contemporary space.",15260,,4,Jute,USA,Contemporary,11,,Mustard,Jute,Hooked,Border,Tibetan,"10' x 14'",10,14,rectangular,15260,12971,13,yes,,,,,,,,,,,,,,,,,"Purple: #800080"
"Moroccan Azilal Moroccan-azilal-200",moroccan-azilal-200,"Exquisite Moroccan Azilal featuring intricate patterns woven by skilled artisans in Turkey. Premium 100% Wool construction ensures lasting beauty.",6125,,6,"100% Wool",Turkey,Glam,20,,"Beige, Purple, Mustard","100% Wool",Hand-Tufted,Solid,Traditional,"7' Round",7,7,round,6125,,7,yes,"6' x 9'",6,9,rectangular,5724,,5,no,"8' Round",8,8,round,10240,,16,no,"Cream: #f5f0e8"
"Afghan Mauri Afghan-mauri-201",afghan-mauri-201,"Exquisite Afghan Mauri featuring intricate patterns woven by skilled artisans in Pakistan. Premium Chenille construction ensures lasting beauty.",7805,,7,Chenille,Pakistan,Modern,27,,Brown,Chenille,Hand-Knotted,Distressed,Tibetan,"5' x 7'",5,7,rectangular,7805,6634,17,yes,,,,,,,,,,,,,,,,,"Green: #008000, Brown: #8b4513"
"Farmhouse Braided Farmhouse-braided-202",farmhouse-braided-202,"Luxurious Farmhouse Braided handcrafted in Morocco. Rich textures and patterns in Silk make this a statement piece for Industrial decor.",28000,,4,Silk,Morocco,Industrial,22,,"Gray, Green",Silk,Braided,Botanical,Modern,"10' x 14'",10,14,rectangular,28000,,10,yes,,,,,,,,,,,,,,,,,"Sage: #9dc183, Purple: #800080, Mustard: #ffdb58"
"Moroccan Azilal Moroccan-azilal-203",moroccan-azilal-203,"Beautiful Moroccan Azilal rug hand-crafted in China. Made from premium Polyester with exceptional detail and durability. Perfect for Tribal interiors.",10048,,7,Polyester,China,Tribal,11,,"Navy Blue, Green",Polyester,Braided,Solid,Casual,"8' Round",8,8,round,10048,,16,yes,,,,,,,,,,,,,,,,,"Green: #008000, Purple: #800080, White: #ffffff"
"Farmhouse Braided Farmhouse-braided-204",farmhouse-braided-204,"Stunning Farmhouse Braided from Nepal, crafted using traditional techniques with Wool. Adds elegance to any Vintage space.",9472,,8,Wool,Nepal,Vintage,27,,White,Wool,Hand-Knotted,Geometric,Moroccan,"8' Round",8,8,round,9472,8051,12,yes,"5' x 7'",5,7,rectangular,3395,,12,no,,,,,,,,,"Black: #000000, Mustard: #ffdb58"
"Silk Hereke Silk-hereke-205",silk-hereke-205,"Beautiful Silk Hereke rug hand-crafted in Turkey. Made from premium Viscose with exceptional detail and durability. Perfect for Glam interiors.",3900,,3,Viscose,Turkey,Glam,16,,"Ivory, Gray",Viscose,Hand-Tufted,Botanical,Modern,"5' Round",5,5,round,3900,,18,yes,,,,,,,,,,,,,,,,,"Charcoal: #36454f"
"Moroccan Beni Ourain Moroccan-beni-ourain-206",moroccan-beni-ourain-206,"Authentic Moroccan Beni Ourain rug made in USA from high-quality Jute. Timeless design for Traditional homes.",8496,7222,3,Jute,USA,Traditional,9,,"Rust, Burgundy, Green",Jute,Flatweave,Border,Modern,"3' x 12'",3,12,runner,8496,,12,yes,,,,,,,,,,,,,,,,,"Burgundy: #800020, Emerald: #50c878, Black: #000000, Terracotta: #e2725b"
"Modern Chevron Modern-chevron-207",modern-chevron-207,"Authentic Modern Chevron rug made in Iran from high-quality Jute. Timeless design for Traditional homes.",3248,,6,Jute,Iran,Traditional,26,,"Gold, Black, Mustard",Jute,Hooked,Geometric,Casual,"2' x 8'",2,8,runner,3248,,18,yes,,,,,,,,,,,,,,,,,"Teal: #008080, Rust: #b7410e, Gold: #c9a227"
"Chinese Aubusson Chinese-aubusson-208",chinese-aubusson-208,"Luxurious Chinese Aubusson handcrafted in Iran. Rich textures and patterns in Sisal make this a statement piece for Vintage decor.",12960,,8,Sisal,Iran,Vintage,5,,"Beige, Ivory",Sisal,Braided,Botanical,Persian,"6' x 9'",6,9,rectangular,12960,,17,yes,,,,,,,,,,,,,,,,,"Beige: #d4c4b0, Black: #000000, White: #ffffff"
"Chenille Soft Chenille-soft-209",chenille-soft-209,"Exquisite Chenille Soft featuring intricate patterns woven by skilled artisans in Morocco. Premium Wool construction ensures lasting beauty.",30240,,3,Wool,Morocco,Glam,17,,Charcoal,Wool,Knotted,Border,Moroccan,"10' x 14'",10,14,rectangular,30240,,15,yes,,,,,,,,,,,,,,,,,"Gold: #c9a227, Brown: #8b4513"
"Persian Kerman Persian-kerman-210",persian-kerman-210,"Authentic Persian Kerman rug made in Egypt from high-quality Wool. Timeless design for Tribal homes.",2820,,6,Wool,Egypt,Tribal,23,,Terracotta,Wool,Machine-Made,Botanical,Turkish,"3' x 5'",3,5,rectangular,2820,,15,yes,"5' Round",5,5,round,2125,1806,2,no,"5' x 7'",5,7,rectangular,3780,,6,no,"Green: #008000, Red: #ff0000, Terracotta: #e2725b, Brown: #8b4513"
"Sisal Boucle Sisal-boucle-211",sisal-boucle-211,"Exquisite Sisal Boucle featuring intricate patterns woven by skilled artisans in Morocco. Premium Silk construction ensures lasting beauty.",2328,1979,6,Silk,Morocco,Rustic,9,,"Navy Blue, Emerald, Blue",Silk,Hand-Tufted,Medallion,Moroccan,"4' x 6'",4,6,rectangular,2328,,19,yes,,,,,,,,,,,,,,,,,"Burgundy: #800020"
"Persian Shiraz Persian-shiraz-212",persian-shiraz-212,"Beautiful Persian Shiraz rug hand-crafted in India. Made from premium Chenille with exceptional detail and durability. Perfect for Minimalist interiors.",3984,,6,Chenille,India,Minimalist,21,,"Gold, Emerald, Purple",Chenille,Hand-Tufted,Botanical,Traditional,"4' x 6'",4,6,rectangular,3984,3386,19,yes,,,,,,,,,,,,,,,,,"Terracotta: #e2725b, Red: #ff0000, Gray: #808080, Tan: #d2b48c"
"Egyptian Mamluk Egyptian-mamluk-213",egyptian-mamluk-213,"Exquisite Egyptian Mamluk featuring intricate patterns woven by skilled artisans in India. Premium Wool construction ensures lasting beauty.",3675,,4,Wool,India,Contemporary,18,,"Burgundy, Orange, Blush",Wool,Hand-Knotted,Solid,Tibetan,"5' x 7'",5,7,rectangular,3675,,10,yes,"9' x 12'",9,12,rectangular,15444,,11,no,,,,,,,,,"Terracotta: #e2725b, Teal: #008080"
"Indian Jaipur Indian-jaipur-214",indian-jaipur-214,"Exquisite Indian Jaipur featuring intricate patterns woven by skilled artisans in Afghanistan. Premium Silk construction ensures lasting beauty.",9996,,3,Silk,Afghanistan,Transitional,13,,"Gold, Emerald, Sage",Silk,Knotted,Paisley,Turkish,"7' Round",7,7,round,9996,,12,yes,,,,,,,,,,,,,,,,,"Beige: #d4c4b0"
"Turkish Cicim Turkish-cicim-215",turkish-cicim-215,"Exquisite Turkish Cicim featuring intricate patterns woven by skilled artisans in Bangladesh. Premium Jute construction ensures lasting beauty.",16100,,5,Jute,Bangladesh,Bohemian,15,,"Navy Blue",Jute,Hand-Woven,Striped,Persian,"10' x 14'",10,14,rectangular,16100,,7,yes,"2' x 8'",2,8,runner,2816,,4,no,"3' x 12'",3,12,runner,7308,,3,no,"Ivory: #fffff0, Black: #000000, Blue: #0000ff, Mustard: #ffdb58"
"Shaggy Flokati Shaggy-flokati-216",shaggy-flokati-216,"Stunning Shaggy Flokati from Morocco, crafted using traditional techniques with Chenille. Adds elegance to any Minimalist space.",3816,3244,6,Chenille,Morocco,Minimalist,10,,Cream,Chenille,Flatweave,Border,Traditional,"4' x 6'",4,6,rectangular,3816,,12,yes,"9' x 12'",9,12,rectangular,14148,,14,no,,,,,,,,,"Green: #008000, Mustard: #ffdb58"
"Abstract Splash Abstract-splash-217",abstract-splash-217,"Stunning Abstract Splash from China, crafted using traditional techniques with Wool & Silk. Adds elegance to any Transitional space.",7875,,6,"Wool & Silk",China,Transitional,4,,Mustard,"Wool & Silk",Hand-Woven,Medallion,Traditional,"5' x 7'",5,7,rectangular,7875,6694,3,yes,,,,,,,,,,,,,,,,,"Purple: #800080"
"Tibetan Lotus Tibetan-lotus-218",tibetan-lotus-218,"Stunning Tibetan Lotus from Bangladesh, crafted using traditional techniques with Seagrass. Adds elegance to any Coastal space.",2925,,8,Seagrass,Bangladesh,Coastal,17,,"Navy Blue",Seagrass,Knotted,Geometric,Moroccan,"5' Round",5,5,round,2925,2486,14,yes,"7' Round",7,7,round,4263,,2,no,,,,,,,,,"Beige: #d4c4b0, Purple: #800080, Sage: #9dc183, Terracotta: #e2725b"
"Persian Kashan Persian-kashan-219",persian-kashan-219,"Exquisite Persian Kashan featuring intricate patterns woven by skilled artisans in Iran. Premium Viscose construction ensures lasting beauty.",3525,2996,4,Viscose,Iran,Glam,8,,Orange,Viscose,Hooked,Floral,Persian,"3' x 5'",3,5,rectangular,3525,,8,yes,"2' x 8'",2,8,runner,2160,,12,no,"5' x 7'",5,7,rectangular,3045,,6,no,"Purple: #800080, Charcoal: #36454f, Rust: #b7410e"
"Turkish Cicim Turkish-cicim-220",turkish-cicim-220,"Luxurious Turkish Cicim handcrafted in Afghanistan. Rich textures and patterns in Faux Fur make this a statement piece for Rustic decor.",3872,3291,6,"Faux Fur",Afghanistan,Rustic,29,,"Sage, Mustard","Faux Fur",Hooked,Solid,Indian,"2' x 8'",2,8,runner,3872,,11,yes,"8' x 10'",8,10,rectangular,12480,,20,no,,,,,,,,,"Terracotta: #e2725b, Blush: #de5d83, Cream: #f5f0e8, Rust: #b7410e"
"Persian Heriz Persian-heriz-221",persian-heriz-221,"Authentic Persian Heriz rug made in Tibet from high-quality Microfiber. Timeless design for Coastal homes.",11120,9452,3,Microfiber,Tibet,Coastal,12,,"Beige, Orange",Microfiber,Hand-Tufted,Striped,Traditional,"8' x 10'",8,10,rectangular,11120,9452,10,yes,"7' Round",7,7,round,5145,,14,no,"3' x 5'",3,5,rectangular,2070,,13,no,"Ivory: #fffff0, Sage: #9dc183, Cream: #f5f0e8"
"Bohemian Pattern Bohemian-pattern-222",bohemian-pattern-222,"Stunning Bohemian Pattern from India, crafted using traditional techniques with Jute. Adds elegance to any Modern space.",19764,,5,Jute,India,Modern,28,,"Navy Blue, Charcoal, Terracotta",Jute,Knotted,Distressed,Turkish,"9' x 12'",9,12,rectangular,19764,,2,yes,"2' x 10'",2,10,runner,3760,,13,no,,,,,,,,,"Burgundy: #800020"
"Overdyed Vintage Overdyed-vintage-223",overdyed-vintage-223,"Authentic Overdyed Vintage rug made in Morocco from high-quality Polyester. Timeless design for Bohemian homes.",3500,,8,Polyester,Morocco,Bohemian,7,,Black,Polyester,Hand-Woven,Geometric,Casual,"5' Round",5,5,round,3500,,16,yes,"2' x 8'",2,8,runner,2592,,12,no,"7' Round",7,7,round,8918,7580,8,no,"Charcoal: #36454f, Gold: #c9a227, Gray: #808080, Teal: #008080"
"Turkish Yahyali Turkish-yahyali-224",turkish-yahyali-224,"Exquisite Turkish Yahyali featuring intricate patterns woven by skilled artisans in Afghanistan. Premium Jute construction ensures lasting beauty.",5215,,3,Jute,Afghanistan,Tribal,24,,"Charcoal, Black",Jute,Knotted,Distressed,Modern,"5' x 7'",5,7,rectangular,5215,,13,yes,"8' x 10'",8,10,rectangular,14640,,10,no,"3' x 12'",3,12,runner,5040,,15,no,"Purple: #800080"
"Indian Jaipur Indian-jaipur-225",indian-jaipur-225,"Exquisite Indian Jaipur featuring intricate patterns woven by skilled artisans in Morocco. Premium Cotton construction ensures lasting beauty.",9728,,4,Cotton,Morocco,Traditional,11,,"Burgundy, Mustard",Cotton,Machine-Made,Paisley,Turkish,"8' Round",8,8,round,9728,8269,10,yes,"10' x 14'",10,14,rectangular,28140,23919,8,no,"5' Round",5,5,round,4675,3974,4,no,"Cream: #f5f0e8, Green: #008000, White: #ffffff, Gold: #c9a227"
"Industrial Rubber Back Industrial-rubber-back-226",industrial-rubber-back-226,"Beautiful Industrial Rubber Back rug hand-crafted in Morocco. Made from premium Silk with exceptional detail and durability. Perfect for Vintage interiors.",31080,,3,Silk,Morocco,Vintage,5,,"Teal, Terracotta",Silk,Hooked,Border,Modern,"10' x 14'",10,14,rectangular,31080,,13,yes,,,,,,,,,,,,,,,,,"Navy Blue: #1a2744"
"Sisal Basketweave Sisal-basketweave-227",sisal-basketweave-227,"Exquisite Sisal Basketweave featuring intricate patterns woven by skilled artisans in Egypt. Premium Chenille construction ensures lasting beauty.",8244,7007,5,Chenille,Egypt,Tribal,27,,Burgundy,Chenille,Hand-Knotted,Solid,Casual,"3' x 12'",3,12,runner,8244,,19,yes,,,,,,,,,,,,,,,,,"Emerald: #50c878"
"Modern Geometric Modern-geometric-228",modern-geometric-228,"Beautiful Modern Geometric rug hand-crafted in China. Made from premium Silk with exceptional detail and durability. Perfect for Rustic interiors.",8015,,5,Silk,China,Rustic,8,,Blue,Silk,Braided,Abstract,Turkish,"5' x 7'",5,7,rectangular,8015,,20,yes,,,,,,,,,,,,,,,,,"Burgundy: #800020, Emerald: #50c878"
"Coastal Nautical Coastal-nautical-229",coastal-nautical-229,"Authentic Coastal Nautical rug made in Iran from high-quality Sisal. Timeless design for Traditional homes.",24624,,5,Sisal,Iran,Traditional,4,,Orange,Sisal,Machine-Made,Solid,Turkish,"9' x 12'",9,12,rectangular,24624,20930,7,yes,,,,,,,,,,,,,,,,,"Sage: #9dc183"
"Transitional Geometric Transitional-geometric-230",transitional-geometric-230,"Beautiful Transitional Geometric rug hand-crafted in Tibet. Made from premium Bamboo Silk with exceptional detail and durability. Perfect for Bohemian interiors.",13600,11560,7,"Bamboo Silk",Tibet,Bohemian,19,,Purple,"Bamboo Silk",Hand-Woven,Distressed,Turkish,"8' x 10'",8,10,rectangular,13600,,16,yes,"5' Round",5,5,round,4900,,17,no,"3' x 12'",3,12,runner,6912,,8,no,"Brown: #8b4513"
"Chenille Soft Chenille-soft-231",chenille-soft-231,"Luxurious Chenille Soft handcrafted in Turkey. Rich textures and patterns in Natural Wool make this a statement piece for Traditional decor.",7848,,7,"Natural Wool",Turkey,Traditional,4,,Blush,"Natural Wool",Flatweave,Border,Modern,"3' x 12'",3,12,runner,7848,,16,yes,"10' x 14'",10,14,rectangular,33180,28203,11,no,"8' x 10'",8,10,rectangular,7520,,6,no,"Tan: #d2b48c, Orange: #ffa500, Cream: #f5f0e8, Beige: #d4c4b0"
"Vintage Kashan Vintage-kashan-232",vintage-kashan-232,"Luxurious Vintage Kashan handcrafted in India. Rich textures and patterns in Wool & Silk make this a statement piece for Contemporary decor.",3495,,7,"Wool & Silk",India,Contemporary,23,,"Rust, White","Wool & Silk",Hooked,Medallion,Traditional,"3' x 5'",3,5,rectangular,3495,2971,12,yes,"8' x 10'",8,10,rectangular,19040,,15,no,"10' x 14'",10,14,rectangular,11480,,9,no,"Teal: #008080, Burgundy: #800020, Blue: #0000ff, Charcoal: #36454f"
"Persian Shiraz Persian-shiraz-233",persian-shiraz-233,"Luxurious Persian Shiraz handcrafted in Morocco. Rich textures and patterns in Microfiber make this a statement piece for Vintage decor.",16632,,3,Microfiber,Morocco,Vintage,5,,Ivory,Microfiber,Hooked,Botanical,Casual,"9' x 12'",9,12,rectangular,16632,,14,yes,"6' x 9'",6,9,rectangular,11502,,8,no,,,,,,,,,"Mustard: #ffdb58"
"Egyptian Ziegler Egyptian-ziegler-234",egyptian-ziegler-234,"Exquisite Egyptian Ziegler featuring intricate patterns woven by skilled artisans in China. Premium Natural Wool construction ensures lasting beauty.",7987,,6,"Natural Wool",China,Contemporary,29,,"Blush, Mustard","Natural Wool",Flatweave,Paisley,Modern,"7' Round",7,7,round,7987,6789,8,yes,"6' x 9'",6,9,rectangular,5454,,6,no,"10' x 14'",10,14,rectangular,29540,,2,no,"Gold: #c9a227"
"Chinese Peking Chinese-peking-235",chinese-peking-235,"Exquisite Chinese Peking featuring intricate patterns woven by skilled artisans in China. Premium Sisal construction ensures lasting beauty.",6642,,7,Sisal,China,Tribal,25,,"Charcoal, Gray, Red",Sisal,Machine-Made,Distressed,Moroccan,"6' x 9'",6,9,rectangular,6642,5646,14,yes,,,,,,,,,,,,,,,,,"Brown: #8b4513"
"Abstract Splash Abstract-splash-236",abstract-splash-236,"Beautiful Abstract Splash rug hand-crafted in Tibet. Made from premium Polyester with exceptional detail and durability. Perfect for Rustic interiors.",2655,2257,4,Polyester,Tibet,Rustic,11,,"Ivory, Purple, Mustard",Polyester,Flatweave,Paisley,Persian,"3' x 5'",3,5,rectangular,2655,,19,yes,"2' x 8'",2,8,runner,3952,3359,4,no,,,,,,,,,"Purple: #800080, Sage: #9dc183, Navy Blue: #1a2744"
"Art Deco Geometric Art-deco-geometric-237",art-deco-geometric-237,"Luxurious Art Deco Geometric handcrafted in Egypt. Rich textures and patterns in Microfiber make this a statement piece for Transitional decor.",17760,,5,Microfiber,Egypt,Transitional,12,,Brown,Microfiber,Hand-Woven,Border,Traditional,"8' x 10'",8,10,rectangular,17760,,15,yes,,,,,,,,,,,,,,,,,"Navy Blue: #1a2744, Gold: #c9a227"
"Distressed Modern Distressed-modern-238",distressed-modern-238,"Exquisite Distressed Modern featuring intricate patterns woven by skilled artisans in USA. Premium Seagrass construction ensures lasting beauty.",2520,,6,Seagrass,USA,Contemporary,3,,Teal,Seagrass,Hand-Knotted,Border,Turkish,"4' x 6'",4,6,rectangular,2520,2142,2,yes,,,,,,,,,,,,,,,,,"Green: #008000, Black: #000000, Teal: #008080"
"Sisal Boucle Sisal-boucle-239",sisal-boucle-239,"Stunning Sisal Boucle from USA, crafted using traditional techniques with Wool & Silk. Adds elegance to any Traditional space.",25812,,7,"Wool & Silk",USA,Traditional,16,,"Gold, Blue, Blush","Wool & Silk",Flatweave,Border,Modern,"9' x 12'",9,12,rectangular,25812,21940,11,yes,"7' Round",7,7,round,11515,,3,no,,,,,,,,,"Red: #ff0000, Cream: #f5f0e8"
"Turkish Yahyali Turkish-yahyali-240",turkish-yahyali-240,"Authentic Turkish Yahyali rug made in Bangladesh from high-quality Faux Fur. Timeless design for Traditional homes.",10908,,7,"Faux Fur",Bangladesh,Traditional,18,,Beige,"Faux Fur",Hand-Woven,Geometric,Moroccan,"6' x 9'",6,9,rectangular,10908,9272,13,yes,"4' x 6'",4,6,rectangular,4896,,8,no,"5' Round",5,5,round,5850,,18,no,"Purple: #800080"
"Art Deco Abstract Art-deco-abstract-241",art-deco-abstract-241,"Exquisite Art Deco Abstract featuring intricate patterns woven by skilled artisans in Iran. Premium Sisal construction ensures lasting beauty.",4120,,6,Sisal,Iran,Bohemian,3,,"Red, White",Sisal,Machine-Made,Distressed,Modern,"2' x 10'",2,10,runner,4120,,16,yes,"9' x 12'",9,12,rectangular,18576,,3,no,,,,,,,,,"Red: #ff0000, Teal: #008080, Navy Blue: #1a2744, Rust: #b7410e"
"Persian Sarouk Persian-sarouk-242",persian-sarouk-242,"Beautiful Persian Sarouk rug hand-crafted in Tibet. Made from premium Jute with exceptional detail and durability. Perfect for Rustic interiors.",15552,,5,Jute,Tibet,Rustic,4,,"Charcoal, Ivory",Jute,Knotted,Solid,Turkish,"9' x 12'",9,12,rectangular,15552,,20,yes,"6' x 9'",6,9,rectangular,11934,,15,no,,,,,,,,,"Terracotta: #e2725b, Orange: #ffa500, Blush: #de5d83, Charcoal: #36454f"
"Coastal Pattern Coastal-pattern-243",coastal-pattern-243,"Beautiful Coastal Pattern rug hand-crafted in Morocco. Made from premium Cotton with exceptional detail and durability. Perfect for Traditional interiors.",3776,,8,Cotton,Morocco,Traditional,23,,"Gold, Charcoal, Brown",Cotton,Hand-Tufted,Botanical,Turkish,"2' x 8'",2,8,runner,3776,3210,12,yes,"5' Round",5,5,round,2650,,5,no,"9' x 12'",9,12,rectangular,14688,,10,no,"Emerald: #50c878, Blue: #0000ff"
"Ultra Soft Ultra-soft-244",ultra-soft-244,"Beautiful Ultra Soft rug hand-crafted in Tibet. Made from premium Jute with exceptional detail and durability. Perfect for Minimalist interiors.",6444,,6,Jute,Tibet,Minimalist,24,,"Burgundy, Purple, Terracotta",Jute,Hooked,Abstract,Persian,"3' x 12'",3,12,runner,6444,,15,yes,"4' x 6'",4,6,rectangular,2832,,13,no,,,,,,,,,"Brown: #8b4513"
"Vintage Kashan Vintage-kashan-245",vintage-kashan-245,"Exquisite Vintage Kashan featuring intricate patterns woven by skilled artisans in Bangladesh. Premium Faux Fur construction ensures lasting beauty.",3885,,8,"Faux Fur",Bangladesh,Rustic,27,,"Charcoal, Teal, Brown","Faux Fur",Hooked,Border,Turkish,"5' x 7'",5,7,rectangular,3885,,16,yes,,,,,,,,,,,,,,,,,"Tan: #d2b48c, Charcoal: #36454f"
"Indian Agra Indian-agra-246",indian-agra-246,"Exquisite Indian Agra featuring intricate patterns woven by skilled artisans in Morocco. Premium Natural Wool construction ensures lasting beauty.",4788,,6,"Natural Wool",Morocco,Vintage,22,,"Gold, Black, Terracotta","Natural Wool",Hand-Tufted,Floral,Turkish,"3' x 12'",3,12,runner,4788,,20,yes,"7' Round",7,7,round,7301,6206,6,no,,,,,,,,,"Gray: #808080"
"Art Deco Glam Art-deco-glam-247",art-deco-glam-247,"Authentic Art Deco Glam rug made in Iran from high-quality Natural Wool. Timeless design for Coastal homes.",12960,11016,5,"Natural Wool",Iran,Coastal,5,,"Charcoal, Blue","Natural Wool",Flatweave,Geometric,Turkish,"6' x 9'",6,9,rectangular,12960,,13,yes,,,,,,,,,,,,,,,,,"Red: #ff0000, Cream: #f5f0e8, Gray: #808080"
"Modern Chevron Modern-chevron-248",modern-chevron-248,"Exquisite Modern Chevron featuring intricate patterns woven by skilled artisans in Iran. Premium Seagrass construction ensures lasting beauty.",2256,,4,Seagrass,Iran,Rustic,19,,"Navy Blue, Brown",Seagrass,Hand-Knotted,Geometric,Modern,"2' x 8'",2,8,runner,2256,,6,yes,"9' x 12'",9,12,rectangular,18684,,2,no,,,,,,,,,"Gold: #c9a227"
"Chenille Soft Chenille-soft-249",chenille-soft-249,"Stunning Chenille Soft from USA, crafted using traditional techniques with Seagrass. Adds elegance to any Transitional space.",3300,,3,Seagrass,USA,Transitional,10,,Gray,Seagrass,Knotted,Floral,Modern,"5' Round",5,5,round,3300,,18,yes,,,,,,,,,,,,,,,,,"Beige: #d4c4b0, Sage: #9dc183"
"Modern Geometric Modern-geometric-250",modern-geometric-250,"Beautiful Modern Geometric rug hand-crafted in Turkey. Made from premium Viscose with exceptional detail and durability. Perfect for Tribal interiors.",6656,,5,Viscose,Turkey,Tribal,27,,"Emerald, Gray, Red",Viscose,Braided,Striped,Modern,"8' Round",8,8,round,6656,,10,yes,,,,,,,,,,,,,,,,,"Navy Blue: #1a2744, Emerald: #50c878, Orange: #ffa500"
"Afghan Khal Mohammadi Afghan-khal-mohammadi-251",afghan-khal-mohammadi-251,"Exquisite Afghan Khal Mohammadi featuring intricate patterns woven by skilled artisans in Nepal. Premium Faux Fur construction ensures lasting beauty.",4420,,6,"Faux Fur",Nepal,Coastal,8,,"Charcoal, Green, White","Faux Fur",Braided,Paisley,Casual,"2' x 10'",2,10,runner,4420,,2,yes,"5' x 7'",5,7,rectangular,5880,,16,no,,,,,,,,,"Cream: #f5f0e8, Ivory: #fffff0, Beige: #d4c4b0, Terracotta: #e2725b"
